month,year,rain,evap,t_max,t_min
1,1921,0.0,,14.793548387096775,2.9516129032258065
1,1923,0.0003225806451612903,,24.096774193548388,1.5161290322580645
1,1924,0.4679032258064516,,19.261290322580646,1.8709677419354838
1,1925,0.0003225806451612903,,20.001612903225805,-1.0419354838709676
1,1926,2.150161290322581,,17.56935483870968,0.7048387096774194
1,1927,0.0,,22.501612903225805,0.6580645161290322
1,1928,0.032741935483870964,,20.60483870967742,1.382258064516129
1,1929,0.0003225806451612903,,19.758064516129032,1.5080645161290323
1,1930,0.08919354838709677,,20.758064516129032,2.1129032258064515
1,1931,2.1970967741935485,,16.911290322580644,1.9435483870967742
1,1932,0.31790322580645164,,21.07741935483871,1.6048387096774193
1,1933,0.02467741935483871,,20.09193548387097,2.5580645161290323
1,1934,0.3067741935483871,,23.112903225806452,-0.29838709677419356
1,1935,0.4033870967741936,,17.75,0.5967741935483871
1,1936,0.0006451612903225806,,22.193548387096776,1.3548387096774193
1,1940,0.3090322580645161,3.858064516129032,20.201075268817206,1.3666666666666667
1,1941,0.5161290322580645,,19.533870967741933,1.6887096774193548
1,1942,0.12754032258064515,4.174193548387097,21.460483870967742,2.2650806451612904
1,1943,1.350241935483871,3.9170967741935487,19.93548387096774,1.0
1,1944,0.40258064516129033,3.589193548387097,18.736290322580647,-0.34354838709677427
1,1945,0.49641129032258063,4.2,20.3247311827957,4.039784946236559
1,1946,0.4688709677419355,,18.79516129032258,7.351612903225806
1,1947,1.5262096774193548,4.074193548387097,20.6244623655914,5.71236559139785
1,1948,1.0277777777777777,3.52,18.227741935483873,4.413548387096774
1,1949,0.2010752688172043,4.895806451612904,20.495322580645162,4.686774193548387
1,1950,0.01778801843317972,4.449354838709677,24.450645161290325,8.15548387096774
1,1951,0.06444124423963134,4.763225806451612,20.510322580645163,3.4638709677419355
1,1952,0.000935483870967742,5.237311827956989,23.9,5.4456989247311824
1,1953,0.0003225806451612903,3.7473118279569895,21.813763440860217,2.1731182795698922
1,1954,0.06632258064516129,4.565053763440861,21.67043010752688,5.509677419354839
1,1955,0.061182795698924736,4.4437096774193545,19.627741935483872,3.9322580645161294
1,1956,0.0,5.187150537634409,20.608294930875577,1.30184331797235
1,1957,0.03157258064516129,5.097903225806451,21.436559139784944,3.7446236559139785
1,1958,0.26326612903225804,3.604677419354839,16.20967741935484,1.760752688172043
1,1959,0.31900985663082443,3.4251612903225808,18.577880184331796,2.914746543778802
1,1960,0.08412186379928316,4.6466666666666665,19.20184331797235,4.594470046082949
1,1961,0.7354838709677419,4.27258064516129,19.3678955453149,2.6980030721966206
1,1962,0.5282258064516129,5.154838709677419,18.20890937019969,0.6790322580645162
1,1963,0.0,5.009677419354839,20.838709677419356,3.503405017921147
1,1964,0.42750206782464845,3.360483870967742,18.393939393939394,2.7413000977517106
1,1965,0.1333002481389578,3.769354838709677,20.61329423264907,2.7688416422287387
1,1966,0.46486559139784944,3.7338709677419355,17.29090909090909,3.5642228739002935
1,1967,1.1081036168132943,3.363709677419355,18.32824046920821,1.3440762463343108
1,1968,0.09480286738351255,4.25268817204301,21.288709677419355,2.8275345622119814
1,1969,0.10729528535980147,3.9226612903225804,22.49095796676442,3.833260019550342
1,1970,0.17495391705069124,4.2381290322580645,20.49747349424769,2.2599593954432664
1,1971,0.2567741935483871,4.451612903225806,22.367302052785924,4.474046920821114
1,1972,0.18771712158808931,3.506532258064516,20.539641577060934,3.7145161290322584
1,1973,1.095852534562212,4.184258064516128,20.17448680351906,2.198533724340176
1,1974,0.0031451612903225807,5.001483870967742,23.766749379652605,2.655334987593052
1,1975,0.43229166666666663,3.902322580645161,20.250144747725393,2.1192100909842844
1,1976,0.06929435483870967,4.079806451612903,20.90918114143921,1.6029776674937966
1,1977,0.2773790322580645,3.9437903225806448,19.92183622828784,4.062034739454094
1,1978,0.0018100358422939067,4.450967741935483,21.519354838709678,1.1451612903225807
1,1979,0.05707979626485569,4.308294930875576,20.475806451612904,2.185483870967742
1,1980,0.24059139784946235,3.6774193548387095,21.718637992831543,2.197132616487455
1,1981,1.1989677419354838,2.8817204301075265,18.12258064516129,2.0869070208728653
1,1982,0.016129032258064516,4.622580645161291,23.301075268817204,1.9372759856630826
1,1983,0.5931950844854071,2.9387096774193546,18.183870967741935,2.4830220713073006
1,1984,1.10629692510847,3.148387096774193,19.886200716845877,3.552867383512545
1,1985,0.8253480475382003,3.385887096774194,18.70967741935484,2.696236559139785
1,1986,0.026392961876832845,3.825806451612903,20.827956989247312,1.7365591397849462
1,1987,2.1327272727272732,3.277290322580645,17.633333333333333,1.8480286738351255
1,1988,0.12559139784946238,3.590967741935484,19.99228996809642,2.091102445941156
1,1989,0.00765704584040747,4.208019713261649,22.2532495256167,3.591200189753321
1,1990,0.18809384164222873,3.4172948028673837,20.711332216170927,3.689303169948331
1,1991,0.03385635811126694,4.008477893074667,20.934074971312,2.1552467168175444
1,1992,3.518257947639084,3.0526754696915988,16.3150643886268,4.0505355093714135
1,1993,0.41388440860215053,3.855210918114144,20.592847124824683,3.3739130434782605
1,1994,0.20734247311827958,3.831385442514475,20.685548387096773,1.722043010752688
1,1995,0.16934139784946234,3.8887386269644337,21.49782608695652,1.4592215988779804
1,1996,0.02217741935483871,4.168110599078341,22.704347826086956,0.18078541374474055
1,1997,0.9519483870967741,3.5383870967741933,19.345032258064517,0.5572903225806451
1,1998,0.005309139784946237,4.062764976958525,20.10725806451613,-0.7538978494623656
1,1999,0.002932551319648094,4.690439882697947,21.33460410557185,-1.072873900293255
1,2000,2.688172043010753e-05,4.637118279569893,22.026450337880913,0.812769348463598
1,2001,0.04957478005865102,3.9878411910669973,20.381259600614438,2.9078341013824884
1,2002,0.26,4.118330889540567,21.34531490015361,0.8184331797235023
1,2003,0.1599151103565365,3.259731182795699,20.348000377287306,1.6925014148273911
1,2004,1.5895483870967742,2.548294930875576,16.89010752688172,1.86752688172043
1,2005,0.16786816269284713,3.7194193548387093,20.482991202346042,1.677565982404692
1,2006,0.778349875930521,3.8697766749379654,20.980645161290322,0.8531017369727046
1,2007,0.33860215053763437,3.5578299120234607,19.222427035330263,2.940706605222734
1,2008,0.00952561669829222,4.977204301075268,21.6300284629981,1.4613140417457304
1,2009,0.02205069124423963,3.9090322580645163,22.2536866359447,2.312327188940092
1,2010,0.3566963292547275,3.1898387096774194,18.855061179087876,0.6675194660734148
1,2011,2.224694104560623e-05,4.04940446650124,21.11699110122358,0.20065151755919278
1,2012,0.33402628434886494,4.025063049853372,20.999826762246116,1.1146562815917653
1,2013,0.602247311827957,3.596996712964455,19.847437893956247,2.431327400815721
1,2014,0.5035168705969596,2.9679969278033793,19.022910641453468,1.447675194660734
1,2015,0.7132869855394882,3.04916715542522,19.7563316383283,4.316535833465756
1,2016,0.09395042110281264,3.411456989247312,19.748767678372797,-0.35045158936148924
1,2017,3.3370411568409345e-05,3.9325315343258893,22.07387043805286,2.7573325152579877
1,2018,0.7822043010752687,3.1190645161290322,20.804290644242254,1.953609870416322
1,2019,0.18696949036214885,3.5592188322430256,21.820073992631105,2.923963662090587
1,2020,0.8192411674347158,3.0946505376344087,19.7703168202765,2.162044930875576
1,2021,0.22720165262990624,3.9197467228112393,21.95372643551398,0.8290616779916001
1,2022,0.010396562815917654,3.783433528836755,22.64882018402355,2.3168292384982427
1,2023,0.05422101449275362,4.378906810035842,23.51517355215997,1.8389742501414827
1,2024,0.0,3.120967741935484,22.533870967741933,4.464516129032258
2,1921,0.0,,14.767857142857142,2.0142857142857142
2,1923,0.9714285714285714,,24.035714285714285,4.910714285714286
2,1924,0.0003448275862068966,,21.355172413793102,1.4379310344827587
2,1925,0.0,,25.169642857142858,0.6553571428571429
2,1926,0.00035714285714285714,,22.985714285714288,3.1160714285714284
2,1927,0.14339285714285713,,22.898214285714285,2.7178571428571425
2,1928,0.012758620689655172,,21.93103448275862,3.9655172413793105
2,1929,0.00017857142857142857,,23.982142857142858,2.4375
2,1930,0.38767857142857143,,23.360714285714288,3.1339285714285716
2,1931,1.43875,,19.348214285714285,3.017857142857143
2,1932,0.3796551724137931,,23.898275862068964,3.743103448275862
2,1933,0.35714285714285715,,21.603571428571428,4.630357142857143
2,1934,0.2767857142857143,,24.294642857142858,4.433928571428572
2,1935,0.5185714285714286,,18.517857142857142,1.0357142857142858
2,1936,0.0013793103448275863,,23.103448275862068,2.2586206896551726
2,1939,0.0,,23.419999999999998,2.55
2,1940,0.7531034482758621,5.282758620689655,21.848275862068967,2.640804597701149
2,1941,0.6035714285714285,,22.776785714285715,4.05
2,1942,0.1608482142857143,5.171428571428572,19.817857142857143,4.28125
2,1943,0.03441964285714286,5.7178571428571425,23.642857142857142,1.6598214285714286
2,1944,0.5971551724137931,5.127758620689655,22.555172413793105,5.500862068965517
2,1945,0.2278826530612245,6.154999999999999,24.373809523809523,3.3059523809523808
2,1946,0.09874999999999999,,21.68392857142857,10.12857142857143
2,1947,0.02056122448979592,5.7250000000000005,21.488095238095237,7.29047619047619
2,1948,0.06513888888888889,6.358793103448276,21.513103448275864,7.735862068965518
2,1949,0.19517006802721087,5.2144642857142856,22.183214285714286,6.788392857142857
2,1950,0.0035267857142857145,4.8741071428571425,24.105238095238096,7.1692857142857145
2,1951,0.0009176587301587302,5.853035714285714,23.162857142857145,4.274285714285714
2,1952,0.0004827586206896552,5.975287356321839,21.867816091954023,4.1417241379310346
2,1953,0.9581428571428573,5.14375,21.99434523809524,5.3062499999999995
2,1954,0.14060714285714285,5.127142857142857,22.145833333333336,6.139880952380952
2,1955,0.002035714285714286,5.816607142857143,21.5625,3.8273809523809526
2,1956,0.01157088122605364,6.9527011494252875,23.011083743842363,3.9051724137931036
2,1957,0.470625,5.5337499999999995,21.098214285714285,4.517857142857143
2,1958,0.21843749999999998,5.6067857142857145,19.169642857142858,2.9690476190476187
2,1959,0.6107142857142857,4.872142857142856,19.65357142857143,5.2270408163265305
2,1960,0.009770114942528734,6.7411494252873565,18.752216748768472,2.4064039408866997
2,1961,4.395238095238095,6.075,20.8656462585034,1.9222789115646257
2,1962,0.4075892857142857,5.66547619047619,20.85331632653061,4.0794217687074825
2,1963,0.19005102040816327,6.071428571428571,21.01666666666667,2.475793650793651
2,1964,0.0106631299734748,5.233620689655172,21.7412486938349,3.3450888192267505
2,1965,0.1128021978021978,5.087202380952381,20.400027056277057,2.644074675324675
2,1966,0.2444345238095238,4.361607142857143,18.89779942279942,3.389033189033189
2,1967,0.12839285714285714,5.244940476190476,22.425487012987013,3.205194805194805
2,1968,0.4377925809822361,4.550862068965517,21.21699756182515,3.271229536746778
2,1969,0.11976190476190476,5.47625,22.641396103896106,5.949025974025973
2,1970,0.9992091836734694,4.649500000000001,20.96268315018315,4.17985347985348
2,1971,0.0,6.4495000000000005,23.319805194805195,2.800324675324675
2,1972,0.010344827586206896,5.5568678160919545,22.03984674329502,3.492145593869732
2,1973,0.355,5.585928571428572,23.029220779220783,4.077922077922078
2,1974,6.696428571428572e-05,6.092714285714286,24.127197802197802,2.5494505494505497
2,1975,0.02513392857142857,5.9676607142857145,22.683836996336996,2.629922161172161
2,1976,4.310344827586207e-05,5.423431034482758,23.25464190981432,1.9389920424403182
2,1977,0.00015625,5.309517857142858,22.107142857142858,2.3118131868131866
2,1978,0.11052521008403361,4.830119047619048,20.84948979591837,1.4821428571428572
2,1979,0.3127067669172932,5.098163265306122,21.080357142857142,2.8314732142857144
2,1980,1.0063218390804598,5.051724137931035,23.208812260536398,3.7816091954022992
2,1981,0.2788690476190476,4.567857142857143,22.21825396825397,4.609126984126983
2,1982,0.0039115646258503405,5.9275510204081625,24.262896825396826,3.511904761904762
2,1983,0.003928571428571428,4.392410714285714,21.096804511278197,1.8486842105263157
2,1984,0.018812260536398468,4.488505747126436,21.210727969348657,2.3601532567049808
2,1985,0.13625,4.718367346938775,21.662896825396825,3.6795634920634916
2,1986,0.10357142857142858,5.482857142857143,23.285714285714285,2.8095238095238098
2,1987,0.9807142857142858,4.208857142857143,20.61734693877551,2.993622448979592
2,1988,0.01359026369168357,4.666091954022988,22.900862068965516,4.010775862068965
2,1989,0.20110544217687074,5.225079365079365,23.567204776647504,4.224104378593543
2,1990,0.8660551948051948,4.066031746031746,20.511525974025975,3.9006493506493505
2,1991,0.28844655797101454,4.693494005994006,21.987824675324674,3.744805194805195
2,1992,0.31419540229885057,3.957290640394089,19.700149925037483,2.3731634182908543
2,1993,0.030960497835497838,5.3322367216117215,23.199455009276438,2.9937074829931976
2,1994,0.002785714285714286,5.3629199372056515,24.545571428571428,3.339857142857143
2,1995,0.0217,4.884423076923077,23.44492857142857,4.828267857142857
2,1996,0.31340517241379307,5.20076354679803,24.210775862068964,3.893390804597701
2,1997,0.5241714285714286,5.503404761904761,21.69557142857143,3.245285714285714
2,1998,0.1458695652173913,6.037474489795918,20.81444099378882,-0.33214285714285713
2,1999,0.026965909090909092,5.640227272727273,24.055844155844152,3.171753246753247
2,2000,0.014583333333333335,5.702896551724138,24.518767888782882,2.4798049027434335
2,2001,0.029064625850340135,5.420535714285714,23.31607142857143,4.037857142857143
2,2002,1.4971000417710945,4.732045454545455,21.046316234827263,2.874308473389356
2,2003,0.45178383458646626,4.883756493506493,21.845751879699247,3.9738063909774435
2,2004,0.13662068965517243,4.84667487684729,20.352413793103448,0.8963218390804597
2,2005,1.9049511978704528,3.9908766233766237,19.76866883116883,4.838961038961039
2,2006,0.011813186813186813,5.442087912087913,24.049038461538462,3.116758241758242
2,2007,0.03633928571428572,5.567662337662338,21.995714285714286,2.10125
2,2008,0.17939655172413793,6.35551724137931,24.614942528735632,2.693836206896552
2,2009,0.03890306122448979,5.546692994505494,24.443239795918366,2.6642984693877554
2,2010,1.8691137403237157,3.8978826530612243,18.444172237860663,1.5087306474313864
2,2011,0.0,5.656720957613815,23.894679802955665,1.5329105090311987
2,2012,0.6516325802615933,4.534832007073387,21.017241379310345,3.7812251288149032
2,2013,0.002392857142857143,6.2362970957613815,23.89200738916256,3.8703817733990147
2,2014,0.0,5.359472876330019,24.943085385878486,3.9743185550082103
2,2015,2.256452380952381,3.883013392857143,21.063936781609193,4.2004761904761905
2,2016,0.10863640224222862,4.932949712643678,23.62648648308577,2.3809175270055176
2,2017,0.003815839333080713,5.178256448412698,24.22728321213543,2.447291617796544
2,2018,0.9059351190476191,4.039011904761905,23.261660714285714,6.656690476190477
2,2019,0.03288359788359788,5.6047422815279955,25.42065948601663,5.52327097505669
2,2020,0.4074881676808655,4.92538601532567,22.872113759296823,4.227479152580573
2,2021,1.4285714285714287e-05,5.6827126623376625,25.452461160216593,3.9160916945373465
2,2022,0.0211505981703026,5.082261363636364,23.64589856241642,2.8161725245653817
2,2023,0.005967261904761905,5.447436507936508,25.05952201933405,3.9726163623344073
2,2024,1.3577210031347962,5.556680213464697,23.661504702194357,4.640689655172413
3,1921,0.0,,17.312903225806455,5.854838709677419
3,1923,0.5074193548387096,,26.193548387096776,4.548387096774194
3,1924,0.0,,25.051612903225806,3.045161290322581
3,1925,0.9325806451612904,,26.414516129032258,4.640322580645161
3,1926,0.08870967741935484,,25.230645161290322,6.812903225806451
3,1927,0.0,,26.20483870967742,5.33225806451613
3,1928,0.016774193548387096,,26.137096774193548,4.959677419354839
3,1929,0.00016129032258064516,,22.572580645161292,1.2419354838709677
3,1930,0.0003225806451612903,,25.54032258064516,4.911290322580645
3,1931,0.0,,22.701612903225808,3.806451612903226
3,1932,0.008064516129032258,,23.846774193548388,2.2661290322580645
3,1933,0.0003225806451612903,,27.733870967741936,5.432258064516129
3,1934,0.04032258064516129,,25.669354838709676,2.6048387096774195
3,1935,0.08096774193548387,,24.20967741935484,4.685483870967742
3,1936,0.0003225806451612903,,24.70967741935484,6.516129032258065
3,1939,0.000967741935483871,,26.016129032258064,6.735483870967743
3,1940,0.3473118279569893,6.329032258064516,24.530107526881718,5.010752688172043
3,1941,0.12580645161290321,,23.87258064516129,3.4919354838709675
3,1942,0.038548387096774196,7.931129032258065,22.558870967741935,3.9298387096774197
3,1943,0.011814516129032258,7.794999999999999,26.60241935483871,4.038709677419355
3,1944,0.8069354838709678,7.338225806451613,23.801612903225806,2.546774193548387
3,1945,0.19116935483870967,7.586206896551724,26.875,8.971774193548388
3,1946,0.06193548387096774,,24.559677419354838,11.516129032258064
3,1947,0.06093189964157706,7.584354838709678,25.960645161290323,6.926451612903226
3,1948,0.029426523297491042,9.136290322580646,23.574838709677422,8.683709677419355
3,1949,0.0011213517665130568,7.835483870967742,26.1858064516129,8.167741935483871
3,1950,0.17659754224270352,8.181129032258065,26.951612903225808,5.350806451612903
3,1951,0.3077105734767025,7.1809677419354845,24.629677419354838,7.699354838709677
3,1952,0.0006774193548387097,9.179301075268818,25.126129032258063,7.749247311827957
3,1953,0.20112903225806453,7.367849462365592,26.23763440860215,9.779569892473118
3,1954,3.2258064516129034e-05,8.71978494623656,26.656989247311827,7.287096774193548
3,1955,0.03406451612903225,7.6375806451612895,25.486559139784948,7.233870967741935
3,1956,0.0,6.867741935483871,25.943870967741937,7.013440860215053
3,1957,0.018306451612903226,7.757419354838709,21.509677419354837,4.897849462365592
3,1958,0.7673207885304659,8.164139784946236,21.706989247311828,5.616129032258065
3,1959,0.12544802867383512,7.30978494623656,21.445391705069124,4.41136712749616
3,1960,0.0,7.6671505376344085,23.555299539170505,3.988479262672811
3,1961,0.05376344086021505,7.733870967741935,24.44147465437788,4.397619047619048
3,1962,0.0,7.93763440860215,25.289938556067586,4.889477726574501
3,1963,0.09516129032258065,7.480645161290322,25.863799283154123,5.955197132616488
3,1964,0.026823821339950375,6.362096774193549,24.446236559139788,6.02152981427175
3,1965,0.0025310173697270476,7.7387096774193544,25.84445259042033,5.8127077223851416
3,1966,0.12860703812316715,6.362634408602151,23.910557184750733,6.155718475073314
3,1967,0.6324462365591398,6.058870967741935,25.302052785923753,7.75366568914956
3,1968,1.7851075268817207,5.708064516129032,22.323900293255132,4.488299120234604
3,1969,0.0015322580645161289,7.718145161290323,24.01642228739003,5.690029325513196
3,1970,0.0007588325652841782,7.625338709677419,23.69964846980976,5.431947890818859
3,1971,0.027949308755760367,7.479548387096774,26.804252199413487,5.935630498533724
3,1972,0.15764976958525345,6.892935483870967,25.64956011730205,6.128592375366569
3,1973,0.020737327188940093,9.91574193548387,25.90175953079179,6.653958944281525
3,1974,0.1478024193548387,7.822709677419355,26.892679900744415,6.389061207609594
3,1975,8.064516129032258e-05,8.47725806451613,27.27171215880893,6.190818858560794
3,1976,0.008911290322580645,7.8985161290322585,26.904466501240694,5.72332506203474
3,1977,0.0,7.702903225806453,26.630210918114145,5.979197684036394
3,1978,0.19502016129032257,6.597288786482334,24.939205955334987,5.021091811414392
3,1979,0.053351254480286735,7.309677419354839,25.301075268817204,5.278494623655914
3,1980,0.0,7.269462365591398,26.3110599078341,6.567972350230415
3,1981,0.12145161290322581,6.586021505376344,24.401031783681216,6.013342030360531
3,1982,0.027649769585253454,6.853917050691244,27.596774193548388,6.391341256366723
3,1983,0.19972350230414745,6.280645161290322,24.246179966044142,3.9864176570458403
3,1984,0.0,6.355555555555555,25.442275042444823,5.250707413695529
3,1985,0.0,5.897695852534562,25.796187683284455,6.82258064516129
3,1986,0.0,6.049677419354839,24.89426523297491,3.4695340501792113
3,1987,0.0,6.741129032258065,23.391520039100683,4.665566959921798
3,1988,0.0076217583807716635,5.806605222734254,23.996975806451612,4.821015180265654
3,1989,0.014548387096774194,6.808848566308244,25.62762464351898,4.571439905900108
3,1990,0.06262463343108504,6.078774193548387,25.524193548387096,6.401173020527859
3,1991,0.0,6.784139784946237,27.768509984639014,5.810291858678956
3,1992,0.08683284457478006,5.945785773366419,23.998561653400362,5.130219243122469
3,1993,0.025574193548387098,6.5261914429656365,24.303997194950913,3.704762739597943
3,1994,0.2017935483870968,6.896705955334988,25.919892473118278,5.372016129032258
3,1995,1.2903225806451613e-05,7.287935129386742,26.04206451612903,4.9937903225806455
3,1996,0.0,7.209331797235023,24.778225806451612,3.478494623655914
3,1997,0.494758064516129,5.371569892473118,23.857526881720432,5.6950268817204295
3,1998,0.0014381720430107529,7.880207373271889,25.28010752688172,3.2543010752688173
3,1999,0.010410557184750735,7.951260997067449,25.578364055299538,4.447242703533026
3,2000,0.000456989247311828,7.651053763440861,26.484757108249394,4.639385439245187
3,2001,0.2880491551459293,7.0388172043010755,23.95193548387097,3.4520967741935484
3,2002,0.002709677419354839,7.38038660801564,25.706621392190154,5.504244482173174
3,2003,0.006620583717357911,7.336351906158358,24.945775729646698,4.207066052227343
3,2004,0.9718202764976959,6.213440860215054,24.26198156682028,5.464746543778802
3,2005,0.06032385566747418,6.727126099706744,22.392961876832846,3.2865102639296184
3,2006,0.0140818858560794,7.337764493570946,26.749430898694573,5.576477074118028
3,2007,0.0031490015360983105,7.263198924731182,25.491244239631335,5.041013824884793
3,2008,4.301075268817204e-05,7.782645161290323,25.154086021505375,4.381689708141321
3,2009,0.0957174638487208,6.988738626964433,26.284957889718733,5.461167169871286
3,2010,0.019121245828698553,6.312684036393714,23.407741111523094,3.0640052733489886
3,2011,4.301075268817204e-05,7.12498759305211,27.092516129032255,5.793204301075269
3,2012,0.036769002595476455,7.195990783410138,25.968264738598442,5.518952539859103
3,2013,0.00010050850150961386,6.610479735318445,24.65492437669857,3.829587978864953
3,2014,0.0850606493988029,6.600955453149002,25.57391652100217,5.501631501197686
3,2015,2.5065328142380423,4.233551267281106,21.313285131627733,6.0628216536892845
3,2016,0.46157320597253854,6.08570864350703,23.853351313334628,5.36164521425923
3,2017,0.8047119815668203,6.045850392886683,25.475525818267755,6.061706841545551
3,2018,0.03058465674110835,6.556168734491314,27.83768640989679,6.6921066817707775
3,2019,0.0625027808676307,6.641688002857358,27.607641043654745,6.8037320234835015
3,2020,0.040505376344086026,6.758125960061444,28.399301075268816,9.16009984639017
3,2021,0.17365740740740743,7.089003747148909,28.10931886455449,5.9920430686917365
3,2022,0.0,7.541624633431085,27.528414771207487,4.4855599894133045
3,2023,0.4067069892473118,7.476756272401434,28.90566298811545,6.620857385398981
3,2024,2.932551319648094e-05,7.153068356374808,27.347565982404692,6.827624633431085
4,1921,0.0,,20.33,8.293333333333333
4,1923,0.0,,31.216666666666665,7.516666666666667
4,1924,0.0005,,26.611666666666668,6.058333333333334
4,1925,0.0,,30.15,9.045
4,1926,0.16716666666666666,,26.016666666666666,6.381666666666666
4,1927,0.30849999999999994,,29.041666666666668,8.5
4,1928,0.00016666666666666666,,28.021666666666665,6.8
4,1929,0.08333333333333333,,28.291666666666668,7.683333333333334
4,1930,1.2423333333333333,,27.408333333333335,7.091666666666667
4,1931,0.19266666666666665,,26.65,6.508333333333334
4,1932,0.00016666666666666666,,26.621666666666666,6.656666666666666
4,1933,0.00016666666666666666,,28.276666666666664,8.04
4,1934,0.0003333333333333333,,25.596666666666668,7.616666666666666
4,1935,0.0,,26.733333333333334,8.483333333333333
4,1939,0.20033333333333334,,26.35,7.916666666666667
4,1940,0.1922222222222222,8.623333333333333,28.447777777777777,8.105555555555556
4,1941,0.25866666666666666,,26.403333333333332,6.511666666666667
4,1942,0.020958333333333336,9.5815,28.874166666666667,8.575
4,1943,0.12345833333333335,8.2615,28.88083333333333,7.7975
4,1944,0.0,8.795666666666667,27.892222222222223,4.09
4,1945,0.020874999999999998,8.860714285714286,28.509999999999998,10.270833333333334
4,1946,0.9431666666666666,,27.825,15.775
4,1947,0.10203703703703702,9.077666666666666,28.832,10.419666666666668
4,1948,0.29355555555555557,8.235166666666666,27.133333333333333,11.822000000000001
4,1949,0.0007129629629629629,9.321,27.081333333333337,8.243333333333334
4,1950,0.06920833333333333,8.833499999999999,29.459999999999997,11.423
4,1951,0.24893703703703704,8.731444444444444,26.652222222222225,9.55888888888889
4,1952,0.23903333333333335,8.64088888888889,26.728055555555557,9.607777777777779
4,1953,0.04286666666666667,9.332444444444443,26.81888888888889,9.964444444444444
4,1954,0.10406666666666668,8.536888888888889,27.81833333333333,10.61111111111111
4,1955,3.7037037037037037e-05,9.769499999999999,24.665333333333333,7.338666666666667
4,1956,0.019344444444444445,9.06,28.854666666666667,7.296666666666667
4,1957,0.004291666666666667,9.616999999999999,25.058333333333334,6.572222222222222
4,1958,0.01883333333333333,9.552999999999999,26.995555555555555,7.944444444444445
4,1959,1.3693055555555556,7.241333333333333,24.958095238095236,7.79047619047619
4,1960,0.06137037037037037,8.438444444444444,26.273809523809522,6.692857142857142
4,1961,0.1703703703703704,8.818333333333333,28.323730158730157,7.1535714285714285
4,1962,0.7399404761904762,6.88,26.2781746031746,7.271825396825396
4,1963,0.3067407407407407,8.207777777777778,29.724675925925926,9.973148148148148
4,1964,0.025743589743589743,8.541805555555555,29.4425,9.805555555555555
4,1965,0.6627008547008547,8.392777777777777,27.654141414141414,9.443282828282829
4,1966,0.5214116161616161,7.146388888888889,26.57003367003367,8.852255892255894
4,1967,0.03094444444444444,7.845916666666667,29.827575757575758,10.411515151515152
4,1968,0.44035606060606064,7.868333333333334,26.921447811447813,9.288518518518519
4,1969,0.000861111111111111,9.19211111111111,28.414545454545458,8.51090909090909
4,1970,2.380952380952381e-05,9.7834,29.748611111111114,9.31388888888889
4,1971,0.014619047619047618,8.882100000000001,28.25212121212121,8.148636363636363
4,1972,0.055119047619047616,9.084233333333334,30.61969696969697,9.693939393939393
4,1973,0.008404761904761904,9.993333333333334,28.425757575757576,7.903030303030303
4,1974,0.0979375,8.707249999999998,29.147435897435898,8.907692307692308
4,1975,0.00022916666666666666,9.718483333333333,30.657692307692308,10.195128205128206
4,1976,0.10072916666666668,8.44145,27.484615384615385,7.776923076923078
4,1977,0.09414583333333333,6.9421333333333335,25.975747863247864,7.577884615384615
4,1978,0.035117647058823524,9.045428571428571,28.69642857142857,8.635714285714284
4,1979,0.035771929824561406,8.435698412698413,28.310416666666665,8.3625
4,1980,0.1285599128540305,7.586444444444444,26.96626984126984,6.948333333333333
4,1981,1.0128888888888887,6.4766666666666675,27.237037037037037,9.0
4,1982,0.16398412698412698,7.7976190476190474,30.26574074074074,10.29537037037037
4,1983,0.0,8.875833333333333,27.787134502923973,6.4337231968810915
4,1984,0.039523809523809524,8.184814814814816,29.22017543859649,8.308771929824562
4,1985,0.41859523809523813,6.612559523809524,26.440353535353537,7.760555555555555
4,1986,0.4242121212121212,7.214666666666667,29.018981481481482,9.042824074074074
4,1987,0.183125,6.920166666666668,26.23543956043956,6.695238095238095
4,1988,0.5754166666666667,7.0905555555555555,27.023333333333333,8.072222222222221
4,1989,0.016842063492063488,7.476137037037036,28.035671539961015,8.110184210526317
4,1990,0.050043478260869564,7.382814814814815,27.75465085638999,8.224631093544136
4,1991,4.1666666666666665e-05,8.008540404040405,29.114126984126983,8.561269841269842
4,1992,0.17390277777777777,6.463025641025641,25.50212121212121,6.702272727272727
4,1993,0.051579710144927536,7.561111111111112,27.090757575757575,6.336212121212122
4,1994,0.72532,7.7161300366300365,27.369333333333334,7.384799999999999
4,1995,6.666666666666667e-05,8.872417582417581,28.54471111111111,6.37605
4,1996,0.1750972222222222,8.127214285714285,27.285416666666666,6.09111111111111
4,1997,0.7325733333333333,6.301844444444445,23.331866666666667,6.770533333333334
4,1998,0.015444444444444446,9.944880952380952,28.87472222222222,6.098888888888889
4,1999,0.006578947368421053,9.11921212121212,28.82560606060606,8.647575757575758
4,2000,0.04453209109730849,8.628311111111111,29.235652173913042,7.648405797101449
4,2001,0.5936,8.402785353535354,29.741929824561403,9.376491228070174
4,2002,0.13590476190476192,7.763916666666666,29.1835,9.263499999999999
4,2003,0.036904761904761905,7.636974074074074,27.363968253968256,8.413650793650794
4,2004,0.21774358974358973,7.538222222222222,25.766153846153845,6.018717948717949
4,2005,0.06481159420289855,8.362318181818182,27.955507246376815,6.630869565217392
4,2006,0.098974358974359,9.145047008547008,30.250864197530863,8.773871604938272
4,2007,0.1073015873015873,8.236166666666668,26.842380952380953,6.59
4,2008,0.14522222222222222,8.978416666666668,29.2,8.095555555555556
4,2009,0.13946296296296296,8.692744107744108,28.547837037037038,6.901184615384616
4,2010,0.03396516754850088,8.348250915750915,27.549497354497355,6.787433862433862
4,2011,0.0014523809523809524,9.218972222222222,30.458298059964726,7.456552028218695
4,2012,0.132384236453202,8.32261111111111,28.35345070850818,7.045931399379675
4,2013,0.007321455938697318,8.95096336996337,28.591608374384236,7.253274767378215
4,2014,0.0035275064441731107,7.4114583028083025,28.176990231990235,8.03587098087098
4,2015,0.430202380952381,6.051467841880342,26.19543513957307,9.165320197044336
4,2016,0.011178927203065132,7.581046590909091,27.386315380405037,7.875597974822113
4,2017,0.04967857142857143,8.059926984126983,28.51588183421517,7.519514991181658
4,2018,0.24589690883190882,7.645511396011396,29.14554856930509,8.418326470952557
4,2019,0.017343915343915342,8.078179292929294,28.256532745681866,7.461436265164336
4,2020,0.06305128205128205,8.770188888888889,31.230493894993895,10.610418192918193
4,2021,0.058506172839506175,8.621532323232323,30.02722336182336,8.544471604938272
4,2022,0.5410576902025178,8.403771367521367,30.4537848324515,9.101954357477346
4,2023,0.333995670995671,8.233827777777778,29.323406926406925,9.698152236652238
4,2024,6.0606060606060605e-05,8.638767857142856,30.50739393939394,9.767515151515152
5,1921,0.023548387096774193,,21.26451612903226,10.180645161290323
5,1923,0.08193548387096773,,34.645161290322584,11.903225806451612
5,1924,0.20370967741935483,,31.906451612903226,11.30967741935484
5,1925,0.1761290322580645,,30.208064516129035,8.20483870967742
5,1926,0.8606451612903225,,28.701612903225808,9.588709677419354
5,1927,0.4519354838709677,,32.248387096774195,13.625806451612902
5,1928,0.4967741935483871,,29.774193548387096,11.35483870967742
5,1929,0.0004838709677419355,,30.975806451612904,11.629032258064516
5,1930,1.3469354838709677,,29.991935483870968,10.92741935483871
5,1931,1.7629032258064516,,29.669354838709676,9.774193548387096
5,1932,0.10112903225806451,,32.001612903225805,10.870967741935484
5,1933,0.242741935483871,,33.27903225806452,9.846774193548388
5,1934,3.467741935483871,,25.080645161290324,10.53225806451613
5,1935,0.5406451612903225,,28.822580645161292,10.451612903225806
5,1939,0.5170967741935484,,28.59032258064516,11.53225806451613
5,1940,0.20924731182795697,8.600000000000001,30.480645161290322,10.861290322580645
5,1941,0.2085483870967742,,29.52258064516129,8.988709677419354
5,1942,0.29088709677419355,8.826129032258065,32.30887096774194,8.568548387096774
5,1943,0.27875,7.487096774193549,30.73677419354839,11.369354838709677
5,1944,0.6949308755760369,7.925,27.33225806451613,6.887096774193548
5,1945,0.4714919354838709,7.906896551724138,30.817741935483873,14.34032258064516
5,1946,0.14048387096774195,,30.309677419354838,17.919354838709676
5,1947,0.5479928315412186,7.628709677419355,30.023870967741935,13.858064516129033
5,1948,0.5312320788530467,8.67451612903226,29.68516129032258,13.798548387096774
5,1949,0.40789426523297495,8.480806451612903,30.95741935483871,13.13483870967742
5,1950,0.6571397849462365,8.633978494623657,31.15075268817204,12.999032258064515
5,1951,0.03806451612903226,8.551182795698924,29.740860215053765,11.787096774193548
5,1952,0.052290322580645164,9.264516129032257,29.65967741935484,12.198172043010752
5,1953,0.2697025089605735,10.222741935483871,30.299999999999997,11.403118279569892
5,1954,0.42548028673835125,8.658279569892475,29.35537634408602,11.316129032258065
5,1955,0.3741935483870968,8.889999999999999,29.42258064516129,11.358064516129033
5,1956,1.078874551971326,7.162849462365591,29.056451612903224,11.448540706605224
5,1957,0.4137096774193548,9.665161290322581,28.01236559139785,9.419354838709678
5,1958,0.4325089605734767,8.483978494623656,27.06036866359447,11.142857142857144
5,1959,0.48,7.787311827956989,27.8852534562212,9.59447004608295
5,1960,0.127921146953405,9.582043010752688,29.37327188940092,9.336405529953918
5,1961,0.3462365591397849,9.274193548387096,31.095698924731185,10.560061443932412
5,1962,0.11693548387096774,8.425806451612903,30.85268817204301,10.199308755760368
5,1963,1.3486290322580647,8.279569892473118,30.024372759856632,11.523809523809524
5,1964,1.1919941348973608,7.349462365591398,29.374193548387098,11.19
5,1965,0.20091811414392058,8.693010752688172,30.617986314760508,11.776392961876832
5,1966,1.0999193548387096,7.276612903225806,29.55425219941349,12.249266862170087
5,1967,0.5561290322580645,8.133064516129032,30.065982404692082,12.243401759530792
5,1968,0.25052541544477025,8.399193548387096,30.77448680351906,11.024633431085043
5,1969,0.0974364613880743,9.35491935483871,29.45654936461388,11.1811990876507
5,1970,0.047526881720430104,9.519967741935485,30.13416046319272,10.600496277915633
5,1971,0.8479723502304147,8.407548387096774,30.50439882697947,12.277126099706745
5,1972,1.180471464019851,8.870134408602151,31.054121863799285,11.831541218637993
5,1973,0.9499308755760368,9.151290322580644,30.429618768328446,11.752199413489736
5,1974,0.40858870967741934,9.734967741935483,31.460297766749378,11.739454094292803
5,1975,0.17258064516129032,9.422451612903226,30.305210918114145,10.544665012406947
5,1976,0.11620967741935484,8.222774193548387,30.09305210918114,10.232009925558312
5,1977,0.21786290322580645,8.22090322580645,29.58995037220844,12.00682382133995
5,1978,0.30330170777988613,9.711935483870967,31.175115207373274,11.15552995391705
5,1979,0.180509337860781,9.1947311827957,29.268145161290324,9.305443548387096
5,1980,0.10258064516129033,8.231705069124425,30.682862903225807,10.576612903225806
5,1981,0.9164855687606112,7.944516129032258,29.286290322580644,10.704637096774194
5,1982,0.29569892473118276,7.73410138248848,30.210243350311263,12.397896623278628
5,1983,2.5547772657450074,8.613709677419354,29.934634974533108,11.213921901528014
5,1984,1.042457757296467,7.7279569892473114,29.247877758913415,10.797962648556878
5,1985,0.4279032258064516,7.864170506912442,30.194403714565006,11.472140762463344
5,1986,1.4085337243401759,7.354838709677419,29.3584229390681,10.996415770609318
5,1987,0.703970223325062,7.141935483870968,27.50506617038875,9.397952853598015
5,1988,0.17857400379506644,8.683467741935484,30.495114129409547,10.33744576495001
5,1989,0.24991202346041055,9.012663082437276,31.27932667690732,10.146464413722478
5,1990,0.6419061583577712,8.442898745519713,30.6541195363776,11.984261974584555
5,1991,0.09321114369501467,8.973218475073315,31.806960950764008,11.288455008488963
5,1992,0.9138709677419354,6.3429692082111435,27.654892473118277,10.0731541218638
5,1993,0.4841495601173021,7.788611925708699,28.79157450076805,8.716559139784945
5,1994,0.2295295698924731,8.324735909252038,31.120430107526882,11.47997311827957
5,1995,0.18820591397849462,9.632188940092167,32.44083333333334,11.622505376344085
5,1996,0.22694892473118278,8.971313364055298,31.85282258064516,12.22715053763441
5,1997,0.848541935483871,7.218537634408602,27.630967741935486,9.491741935483871
5,1998,2.932551319648094e-05,10.59727047146402,32.480351906158354,10.318181818181818
5,1999,0.09746297194599401,9.908306451612905,30.82078853046595,9.82078853046595
5,2000,1.029475206887549,7.970344086021505,30.118621700879764,11.635190615835777
5,2001,0.7418433179723503,7.622016129032258,28.14306451612903,10.489354838709678
5,2002,0.4767588325652842,8.206505376344086,30.78532258064516,11.83532258064516
5,2003,0.6160829493087557,9.25679211469534,31.554032258064513,11.65548387096774
5,2004,1.0748617511520737,7.680483870967742,28.157834101382488,9.814516129032258
5,2005,0.19932678821879382,9.019173998044964,29.4741935483871,8.881206171107994
5,2006,0.9233333333333333,8.690074441687344,29.826762246117088,10.792712066905615
5,2007,0.12740399385560675,8.807394916911045,29.388133640552994,9.62674347158218
5,2008,0.3752867383512545,8.842311827956989,29.780286738351254,10.735304659498206
5,2009,0.7600416873449132,7.899532258064516,29.855558312655084,11.0464317617866
5,2010,0.14018064516129033,9.404078341013825,31.801712158808936,10.444531017369728
5,2011,0.14171142539329412,9.342095001772421,31.771761481010646,9.920255045288416
5,2012,0.26561218814555854,8.88616448068061,30.079619330119883,10.033716475095785
5,2013,0.43675885904973777,8.523377643861515,29.977163250172147,10.705625827639174
5,2014,0.5470620942728841,6.990923431407302,28.675531484129927,10.647825479221474
5,2015,0.6990028603209916,7.173697004608295,28.984918163038298,11.088435563324328
5,2016,0.5974086874893325,7.955436251920124,30.50680150196279,11.459951816403429
5,2017,0.2668103448275862,9.009722202528655,31.631372159542348,10.774911806769426
5,2018,1.0725539931991546,7.823714669738864,30.764243635695248,12.284270747173974
5,2019,0.10296088246199482,9.35171348812478,31.233499390857567,10.601990041845436
5,2020,0.2471236559139785,8.758580645161292,31.476799007444168,12.181492969396194
5,2021,1.2088576372336106,8.007708699902247,30.488949579033005,11.594590410001977
5,2022,0.1326423306681371,9.530919843597262,32.4172154775147,11.4767738439536
5,2023,0.552669779286927,8.374602150537633,30.327912713472486,11.848186801602361
5,2024,0.01938709677419355,9.964817019400353,34.70556533072662,15.048087324861518
6,1921,0.9039999999999999,,21.466666666666665,12.876666666666667
6,1922,3.2700000000000005,,32.65,22.9
6,1923,0.6496666666666666,,35.483333333333334,13.25
6,1924,0.8421666666666667,,31.188333333333333,13.426666666666668
6,1925,2.417333333333333,,30.55666666666667,11.573333333333332
6,1926,2.8850000000000002,,30.346666666666668,14.35
6,1927,5.169833333333333,,27.941666666666666,13.770000000000001
6,1928,1.0391666666666666,,32.833333333333336,14.131666666666666
6,1929,0.034499999999999996,,31.691666666666666,14.241666666666667
6,1930,2.380333333333333,,28.75,12.383333333333333
6,1931,1.6016666666666666,,31.116666666666667,13.175
6,1932,0.511,,34.538333333333334,13.388333333333332
6,1933,4.234,,28.529999999999998,13.403333333333334
6,1934,2.8516666666666666,,29.853333333333335,14.2
6,1935,5.100833333333333,,28.483333333333334,14.241666666666667
6,1939,2.1055,7.573333333333333,28.633333333333333,12.75
6,1940,3.9979999999999998,7.79,29.80666666666667,12.957777777777778
6,1941,4.8355,,29.295,12.646666666666667
6,1942,1.848375,6.904833333333333,30.904999999999998,11.526666666666667
6,1943,4.498184523809524,5.374499999999999,26.701666666666664,12.963333333333333
6,1944,1.004357142857143,7.6273333333333335,31.11,13.076666666666666
6,1945,1.7354583333333333,8.555172413793104,31.9375,17.165833333333335
6,1946,2.326733333333333,,28.491666666666667,18.35
6,1947,3.1739629629629627,6.755833333333333,31.074666666666666,16.33866666666667
6,1948,3.0939259259259257,7.139833333333333,28.729166666666668,15.289166666666667
6,1949,2.4382804232804234,6.356166666666667,30.028000000000002,15.106666666666666
6,1950,1.5748666666666664,6.866111111111111,29.57222222222222,13.488333333333333
6,1951,2.1723,7.756555555555555,30.640666666666668,14.135444444444444
6,1952,2.343703703703704,6.855333333333333,28.455444444444442,15.055888888888889
6,1953,1.1979296296296298,9.40138888888889,30.733333333333334,15.68611111111111
6,1954,1.1112333333333335,7.449111111111111,28.97722222222222,14.223888888888888
6,1955,1.4335555555555557,6.904,29.31222222222222,13.72111111111111
6,1956,1.6382037037037036,6.955,27.197333333333333,11.841666666666667
6,1957,0.20717261904761902,8.859166666666665,28.96077777777778,13.449444444444445
6,1958,3.6909074074074075,6.469944444444445,27.48,13.904761904761905
6,1959,1.7667407407407407,6.645555555555556,28.497619047619047,11.778571428571428
6,1960,0.22685185185185183,8.425944444444445,30.361904761904764,11.823809523809524
6,1961,2.615132275132275,7.296666666666667,28.317857142857143,11.650634920634921
6,1962,1.6270833333333334,8.012222222222222,30.272222222222222,11.636507936507936
6,1963,1.9414285714285713,7.088888888888889,29.843121693121695,12.430582010582011
6,1964,1.1246666666666667,6.822500000000001,29.8675,12.587777777777777
6,1965,1.1201794871794872,8.269166666666667,31.001893939393938,13.872095959595958
6,1966,1.7531944444444443,6.949722222222222,30.015,13.996515151515151
6,1967,1.1043333333333334,7.203333333333333,29.916363636363638,14.583333333333334
6,1968,1.0449797979797981,7.841388888888889,30.756245791245792,11.948730639730638
6,1969,0.8865050505050505,9.393055555555556,32.1989393939394,13.988181818181818
6,1970,3.251533333333333,6.952533333333333,28.879978632478633,12.721517094017093
6,1971,4.282666666666667,5.543555555555556,28.407407407407405,13.805555555555555
6,1972,3.228222222222222,6.5136111111111115,29.029629629629632,13.475925925925926
6,1973,2.9847619047619047,7.9982,29.715151515151515,13.192424242424241
6,1974,0.7615833333333334,8.149033333333334,30.66025641025641,12.626923076923077
6,1975,1.648125,7.404116666666667,30.074358974358976,13.105897435897436
6,1976,1.22375,7.085233333333333,29.862820512820512,12.905128205128204
6,1977,2.2996874999999997,6.2216,28.244871794871795,12.85897435897436
6,1978,1.3033540305010893,8.156936507936509,29.874841269841273,13.392222222222221
6,1979,1.1256842105263158,8.178888888888888,28.979166666666668,12.3125
6,1980,0.5235438596491229,8.652142857142856,31.886875,12.31875
6,1981,2.5780555555555558,7.1066666666666665,30.325925925925926,13.22037037037037
6,1982,0.9676190476190476,8.47547619047619,32.382456140350875,14.141754385964912
6,1983,0.7706507936507936,8.032916666666667,30.4,12.775438596491227
6,1984,2.735079365079365,6.830793650793651,28.802631578947366,12.81578947368421
6,1985,3.2966666666666664,6.305595238095238,28.059848484848484,12.349873737373738
6,1986,4.016121212121212,5.421333333333333,27.02592592592593,12.618518518518519
6,1987,1.8455583333333332,6.8191999999999995,28.410238095238093,12.094920634920635
6,1988,2.761857142857143,6.995857142857143,28.025379901960783,11.524852941176471
6,1989,0.21261988304093568,8.879720238095238,31.903048245614038,12.43483552631579
6,1990,1.568965873015873,8.335291666666667,29.888896825396827,13.443825396825396
6,1991,1.1790666666666667,7.7317878787878795,30.17098124098124,12.554538239538239
6,1992,0.6198982456140351,7.542173148148149,30.38563295493636,12.642350074532738
6,1993,1.36311,7.137605283605284,29.312826086956523,13.145214009661835
6,1994,3.354444444444445,6.738047619047619,28.217222222222222,12.821527777777778
6,1995,1.1883866666666665,8.443809523809524,31.2044,13.4352
6,1996,2.4249722222222223,7.482,29.235833333333336,13.33222222222222
6,1997,2.248493888888889,7.3554,29.924133333333334,12.811200000000001
6,1998,1.3665652173913043,8.597794871794871,31.623768115942028,14.480579710144927
6,1999,3.2321483918128653,6.976118686868687,28.72877777777778,13.71281746031746
6,2000,4.200074565531087,6.465807692307692,26.053434343434343,12.76683261183261
6,2001,1.1168888888888888,7.441833333333333,28.473333333333336,12.343
6,2002,2.1948333333333334,7.368515151515152,28.27888888888889,12.602222222222222
6,2003,2.802047619047619,6.947796296296297,28.541587301587303,13.136825396825397
6,2004,3.8095777777777777,5.638833333333333,26.28088888888889,11.750222222222222
6,2005,0.30515942028985504,9.92760606060606,31.427971014492755,11.66768115942029
6,2006,1.5301358024691358,7.618384615384615,28.500617283950614,12.601234567901233
6,2007,5.556396825396826,6.748083333333333,28.224920634920636,12.445079365079364
6,2008,1.346137254901961,8.163611111111111,29.56450980392157,12.768627450980393
6,2009,2.9611410256410258,7.0369898989899,29.108461538461537,12.732692307692307
6,2010,1.2077356321839081,8.410595238095238,30.598735632183907,12.925632183908046
6,2011,0.33614065255731923,9.460207070707071,30.8107851716185,12.376221001221001
6,2012,0.7428703703703704,8.653203130203131,29.75040564373898,12.063783068783069
6,2013,1.1772490695128626,8.477842490842491,30.193186644772855,13.057496715927751
6,2014,2.876329994526546,6.679076190476191,29.05926245210728,13.459112753147235
6,2015,5.790274220032841,5.532437011599511,26.767317855622455,13.379100225019764
6,2016,1.5740346804111172,7.050556547619048,28.803197318007665,12.110143526120538
6,2017,0.9189577175697866,8.403751587301588,31.182725779967157,13.427943349753695
6,2018,3.6022174738841404,6.364745726495727,28.380398860398863,13.828789173789174
6,2019,1.5494083052458734,7.302881919006919,30.300125886235385,14.270334319195177
6,2020,1.8235128205128206,7.9025396825396825,30.786880341880345,14.401831501831502
6,2021,3.1158968253968253,6.536439393939394,28.273611111111112,13.439477954144621
6,2022,1.28901111532146,7.784634848484848,29.84272762363222,13.09200448215046
6,2023,0.16474463937621833,9.900416666666667,34.44287990196078,14.876924019607845
6,2024,2.1559851851851852,9.858769047619047,31.969935185185186,15.869703703703703
7,1922,1.3690909090909091,,30.113636363636363,22.295454545454547
7,1923,1.7074193548387098,,32.20967741935484,11.935483870967742
7,1924,1.5729032258064515,,28.891935483870967,14.11774193548387
7,1925,2.716774193548387,,29.08225806451613,12.591935483870968
7,1926,4.0001612903225805,,28.258064516129032,15.206451612903225
7,1927,5.0525806451612905,,25.782258064516128,12.716129032258063
7,1928,3.6279032258064516,,27.846774193548388,13.838709677419354
7,1929,5.069354838709677,,27.008064516129032,12.983870967741936
7,1930,4.080645161290323,,29.112903225806452,12.225806451612904
7,1931,4.2904838709677415,,29.201612903225808,12.790322580645162
7,1932,4.031612903225807,,31.10483870967742,12.216129032258063
7,1933,4.330967741935484,,26.593548387096774,12.903225806451612
7,1934,7.460322580645161,,26.89516129032258,12.89516129032258
7,1935,4.500645161290323,,26.29032258064516,14.580645161290322
7,1939,1.128548387096774,6.393548387096774,27.806451612903224,13.14516129032258
7,1940,2.8355913978494622,6.209677419354839,28.675268817204298,13.250537634408602
7,1941,5.447258064516129,6.490322580645161,27.038709677419355,12.57258064516129
7,1942,3.8067338709677423,5.7982258064516135,27.90967741935484,11.469354838709679
7,1943,3.07375,5.841612903225807,27.550806451612903,13.85725806451613
7,1944,2.665524193548387,5.715967741935484,28.753763440860215,13.056989247311828
7,1945,2.9162500000000002,6.673076923076923,28.49274193548387,16.436290322580643
7,1946,2.2596344086021505,,26.325806451612905,15.106451612903227
7,1947,0.5679390681003584,7.325967741935483,30.898387096774194,15.72709677419355
7,1948,4.386088709677419,4.965645161290323,25.866451612903226,13.663870967741936
7,1949,3.2427240143369174,5.589354838709678,29.473548387096773,15.089677419354837
7,1950,2.5506236559139785,5.938817204301075,27.75752688172043,13.6
7,1951,2.364383512544803,6.561290322580645,28.3494623655914,14.722043010752689
7,1952,1.784774193548387,7.22021505376344,27.77043010752688,14.845591397849462
7,1953,1.36247311827957,7.71252688172043,28.353548387096776,13.345806451612905
7,1954,3.091838197644649,5.780161290322581,25.948387096774194,13.805645161290323
7,1955,4.252972350230414,5.784193548387097,27.723655913978494,13.610215053763442
7,1956,1.9405519713261647,5.3395698924731185,26.676958525345622,12.421658986175114
7,1957,0.34536290322580643,8.65709677419355,27.773655913978494,13.586021505376344
7,1958,2.218691756272402,5.406021505376344,25.764976958525345,12.241935483870968
7,1959,2.796254480286738,5.944086021505376,27.191705069124424,11.368663594470046
7,1960,0.9688888888888888,7.185752688172043,28.821198156682026,10.649769585253456
7,1961,4.039600614439324,5.804838709677419,26.362519201228878,11.657142857142857
7,1962,1.104032258064516,7.309677419354839,28.504608294930875,12.081797235023041
7,1963,3.2308870967741936,6.060215053763441,28.805222734254993,12.056630824372759
7,1964,2.065260545905707,6.566397849462366,29.426075268817204,12.791397849462365
7,1965,1.8826302729528535,6.213440860215054,28.33748778103617,12.616520039100685
7,1966,2.166693548387097,6.486290322580645,29.027272727272727,14.000586510263929
7,1967,2.1276075268817203,6.538709677419354,27.975953079178886,13.50791788856305
7,1968,3.7868181818181816,5.562096774193549,27.654838709677417,12.973225806451614
7,1969,1.4146779457102037,6.207951612903226,29.376539589442814,14.488123167155425
7,1970,2.2254732364409784,5.895456989247312,27.98081622678397,12.392595307917889
7,1971,0.7541935483870967,5.95741935483871,27.71451612903226,12.946774193548388
7,1972,2.734962779156328,6.665064516129032,27.70483870967742,13.462903225806452
7,1973,3.1545391705069123,6.057935483870968,27.592375366568916,12.8841642228739
7,1974,2.0953427419354838,5.9875483870967745,28.208436724565757,12.04590570719603
7,1975,4.001733870967742,5.741483870967742,26.83498759305211,12.313895781637717
7,1976,8.239637096774194,4.409661290322581,24.470719602977667,12.629032258064516
7,1977,1.774215053763441,6.307935483870968,27.28494623655914,12.356182795698926
7,1978,2.7258960573476703,7.444662058371736,28.58709677419355,13.140860215053763
7,1979,2.120681003584229,6.48258064516129,29.32924731182796,13.236559139784946
7,1980,1.391918505942275,6.67473886328725,29.379032258064516,12.931451612903226
7,1981,1.9216774193548387,5.730645161290322,28.36148007590133,12.879506641366223
7,1982,1.6455606758832568,6.183870967741935,28.0,13.047538200339558
7,1983,2.096405529953917,5.572177419354839,26.752122241086585,12.880305602716469
7,1984,4.398955453149002,4.425345622119815,24.28862478777589,12.529711375212225
7,1985,2.4600430107526883,5.112500000000001,25.98990901571547,11.541397849462367
7,1986,2.5061583577712607,5.2374193548387105,26.085483870967742,11.682258064516128
7,1987,4.030898617511521,5.521129032258065,26.363523573200993,13.019851116625311
7,1988,5.731162634408602,5.614976958525346,25.833022568829023,12.090506912442395
7,1989,1.5691558441558442,7.471577060931899,29.157910906298003,12.38379416282642
7,1990,4.316365780041502,5.289815668202765,25.617496698736087,13.164214299188831
7,1991,8.360387634408601,4.561312805474096,23.909090909090907,12.377049294791231
7,1992,2.2326227208976155,6.499281336942627,28.399454685099847,12.280706605222734
7,1993,2.0360005376344086,6.542574441687345,28.333956989247312,13.027736559139784
7,1994,2.055266129032258,6.769398263027295,28.524282799949,12.454947086574014
7,1995,2.0741374474053296,6.352382133995037,27.910799438990185,13.087096774193547
7,1996,1.1891290322580645,7.0968064516129035,29.05101075268817,13.137403225806452
7,1997,1.866682795698925,6.664021505376344,28.27367741935484,13.032516129032258
7,1998,0.7971236559139785,8.096823821339951,29.247849462365593,13.422311827956989
7,1999,2.5391158945751475,5.976378299120234,26.112334869431642,11.844016897081413
7,2000,1.6484633324833184,7.053032258064516,27.907280377406604,11.714975137064899
7,2001,1.794378419166195,7.089645161290322,28.46336706725701,12.620472274931478
7,2002,3.4295229202037354,5.492478005865102,26.04001027830487,11.982036685641999
7,2003,3.6538732718894007,5.243326164874552,24.788241167434716,12.024170506912442
7,2004,3.3399662058371735,5.4897849462365595,25.598494623655913,11.414485407066051
7,2005,2.91549853372434,7.081366568914956,27.033805334450495,12.641272168691524
7,2006,2.6380422755261463,6.398211331679074,26.98006984652146,12.611639003768037
7,2007,3.951382286361064,5.029902248289345,25.580541676772576,12.044861346915678
7,2008,2.4210815939278936,6.123978494623656,26.23548387096774,12.365654648956356
7,2009,1.5673548387096774,7.2508436724565755,28.38367741935484,12.633806451612903
7,2010,4.056774193548387,5.461203473945409,25.690954234864133,13.23994914984904
7,2011,1.5948454632130937,6.391064516129032,27.595701131768987,12.55208759291629
7,2012,2.2848210465841166,6.29280751506558,27.13934689337359,12.726865564913396
7,2013,5.103827956989248,5.380272952853598,25.97484909158324,12.845279940674823
7,2014,2.2192046718576197,5.57036866359447,26.857235023041472,12.639079135547433
7,2015,2.66065668202765,5.196071236559139,26.121813920228828,12.561431749563006
7,2016,2.695099157115286,6.315500723738627,28.696151220344767,13.098717948717947
7,2017,3.452522188086704,5.822494623655914,27.532547888193047,13.180935969645647
7,2018,1.640261094835622,6.453377880184331,28.038257234669917,13.149597096760612
7,2019,1.6560981306312375,6.412955610697546,28.261048824155782,13.449993590952843
7,2020,5.4980522971652,6.561159754224271,28.487869012707723,14.29368035190616
7,2021,4.684260086389119,4.815910782765622,25.5369676100742,13.227137603241388
7,2022,1.8788928039702233,6.83658064516129,28.96244260637809,13.477031890451245
7,2023,1.7602181259600613,7.222634408602151,30.13926799007444,15.13244416873449
7,2024,5.081821684587814,8.477639400921658,27.556451612903224,14.238700716845878
8,1922,1.4152380952380952,,33.023809523809526,22.833333333333332
8,1923,4.700806451612903,,27.716129032258067,13.491935483870968
8,1924,1.025,,30.30483870967742,13.974193548387097
8,1925,2.0188709677419356,,28.08225806451613,12.106451612903227
8,1926,3.9167741935483873,,26.687096774193545,13.587096774193547
8,1927,2.3543548387096775,,27.98548387096774,13.03225806451613
8,1928,3.12,,27.137096774193548,12.806451612903226
8,1929,3.760967741935484,,25.766129032258064,12.088709677419354
8,1930,1.8643548387096776,,27.919354838709676,11.620967741935484
8,1931,3.212258064516129,,26.85483870967742,11.338709677419354
8,1932,1.8840322580645161,,29.175806451612903,12.975806451612904
8,1933,2.3077419354838713,,26.12258064516129,11.929032258064517
8,1934,1.542258064516129,,27.15806451612903,13.80967741935484
8,1935,0.7767741935483871,,26.370967741935484,13.741935483870968
8,1939,2.8961290322580644,5.712903225806452,24.967741935483872,12.82258064516129
8,1940,4.159247311827957,,29.226881720430107,13.364516129032259
8,1941,3.4229032258064516,5.651612903225806,26.629032258064516,11.87258064516129
8,1942,2.4731163594470047,5.539032258064516,28.620967741935484,11.816129032258065
8,1943,2.4030645161290325,5.3950000000000005,28.74435483870968,12.679569892473118
8,1944,4.082379032258065,5.086612903225807,26.97956989247312,13.294623655913979
8,1945,2.7147983870967742,5.86551724137931,28.33467741935484,16.233064516129033
8,1946,2.4327956989247315,,27.60483870967742,18.41774193548387
8,1947,3.6455913978494623,4.780806451612904,27.458064516129035,14.200645161290323
8,1948,1.7182974910394266,5.465483870967742,26.82145161290323,13.838387096774193
8,1949,2.2240232974910397,5.166774193548387,28.572903225806453,14.189677419354839
8,1950,2.265032258064516,6.226451612903226,27.350322580645162,13.33290322580645
8,1951,1.4267096774193548,6.871935483870968,28.081720430107527,15.004301075268817
8,1952,1.0639354838709678,7.666344086021505,28.785913978494623,14.313440860215053
8,1953,3.5282903225806455,6.604408602150538,27.831720430107527,14.729569892473119
8,1954,2.67328853046595,5.848709677419355,26.448387096774194,13.466612903225805
8,1955,4.650573476702509,4.711774193548387,26.16774193548387,13.566666666666666
8,1956,1.6290322580645162,5.079354838709678,27.451900921658986,11.855126728110598
8,1957,1.5788306451612903,7.420967741935484,27.459139784946238,12.938172043010752
8,1958,3.341520737327189,5.963333333333334,27.190322580645162,11.77726574500768
8,1959,4.2403942652329745,5.598817204301075,27.732718894009214,11.626728110599078
8,1960,5.231370967741935,6.810537634408602,27.95622119815668,11.389400921658986
8,1961,3.123046594982079,5.309677419354839,26.68932411674347,12.051766513056837
8,1962,2.0995967741935484,6.929032258064517,28.473271889400923,12.544239631336405
8,1963,2.494489247311828,5.761290322580645,28.74076246334311,12.197126099706745
8,1964,1.5688585607940448,5.538440860215053,29.39516129032258,12.496236559139785
8,1965,3.5479156327543424,4.82983870967742,26.734066471163246,12.428333333333333
8,1966,4.503575268817205,4.708870967741936,26.92521994134897,13.934310850439882
8,1967,5.239005376344086,4.980645161290322,26.226686217008798,13.685923753665689
8,1968,3.204774193548387,5.053225806451613,27.177419354838708,11.951612903225806
8,1969,1.6756944131137679,6.632698924731183,29.03076735092864,14.411827956989248
8,1970,2.5356451612903226,6.065833333333333,28.128421309872923,12.587487781036167
8,1971,5.188188585607941,3.889516129032258,24.73225806451613,12.899999999999999
8,1972,1.6272456575682384,5.756870967741936,27.18548387096774,12.175806451612903
8,1973,6.6027936311000825,5.401903225806452,24.912609970674485,12.484897360703812
8,1974,2.4262150537634413,6.016612903225807,27.387952101661778,12.215542521994134
8,1975,3.342641129032258,4.960451612903226,25.968982630272954,12.332506203473946
8,1976,1.0969758064516129,5.698983870967742,26.115384615384617,11.930521091811416
8,1977,2.9750806451612903,5.808387096774194,27.93424317617866,13.148883374689827
8,1978,3.8798829854522454,5.435978494623656,26.02857142857143,12.621044546851
8,1979,2.189749103942652,5.370774193548387,26.386021505376345,12.023655913978494
8,1980,4.001129032258064,5.393548387096774,28.632616487455195,13.625448028673835
8,1981,2.876338709677419,5.6956989247311824,27.8939160341556,12.867884250474383
8,1982,1.995299539170507,6.189400921658986,28.024617996604416,12.314940577249574
8,1983,4.054546850998464,4.769124423963134,26.364176570458405,12.583191850594227
8,1984,2.52926267281106,5.01589861751152,25.81409168081494,12.32597623089983
8,1985,2.4344485407066054,5.667459677419354,26.6166253101737,11.781637717121589
8,1986,1.1005865102639296,5.85741935483871,27.608064516129033,11.682258064516128
8,1987,1.4425592979127135,5.635268817204301,26.95979558076332,12.313626964433416
8,1988,3.290373514431239,5.703911290322581,25.826460046384145,12.175117278094033
8,1989,4.441531301797782,5.358924731182795,26.968540706605225,12.699574081832147
8,1990,4.174978777589134,4.991013824884792,24.833217317487268,12.304151103565363
8,1991,2.253288172043011,5.656077336641853,26.62652562491272,11.694225666806311
8,1992,1.4247214076246333,5.5212497180239115,27.477688172043013,12.193663594470046
8,1993,3.139336138382421,6.843145161290323,28.114744039270686,12.56649719495091
8,1994,2.715538218793829,5.0308278817956245,27.036015661524075,12.376992753623188
8,1995,4.033319892473118,4.719301075268818,26.266935483870967,13.213844086021505
8,1996,2.948169892473118,5.666731182795699,26.749419354838707,12.327096774193548
8,1997,1.207883870967742,6.839096774193548,28.844387096774195,12.447999999999999
8,1998,4.6535624123422155,5.764665012406947,26.43562412342216,13.224824684431976
8,1999,1.070405669599218,6.635924317617866,27.66158357771261,12.37859237536657
8,2000,2.151303892460975,5.850795698924731,26.016715542521993,11.177126099706745
8,2001,2.519838709677419,6.295483870967741,27.350537634408603,12.536712749615974
8,2002,3.427718084545646,5.539978494623655,26.276714669738865,11.790973502304148
8,2003,3.146267281105991,5.261161290322581,25.353302611367127,11.329339477726576
8,2004,3.6418709677419354,5.248333333333333,25.180399385560676,11.555253456221198
8,2005,2.81521165370394,5.741290322580645,25.33841642228739,11.599266862170088
8,2006,3.91048440860215,5.203879239040529,25.992268817204298,12.136524193548388
8,2007,1.770384024577573,5.3425,26.1152534562212,11.608294930875575
8,2008,5.915120967741935,5.458279569892473,25.907862903225805,12.843951612903227
8,2009,2.7147789725209077,6.725960061443933,27.59772998805257,12.32341696535245
8,2010,0.967494835531543,6.745506912442397,28.09031066264103,12.309518512633083
8,2011,1.7799960273319562,7.2144375516956165,28.405899412045127,12.4472191323693
8,2012,2.379463848720801,6.3002835873803615,27.579701890989988,12.68584352984798
8,2013,2.269505376344086,5.903333924140376,26.709464590285503,12.208550241008528
8,2014,2.965232401080566,5.267172043010753,27.13481284319438,12.814890001235941
8,2015,1.4155333233280953,5.733853302611368,27.633492975734356,12.316914149172213
8,2016,4.826575288510773,4.3876238479262675,25.81376160279386,13.578573397928237
8,2017,3.8951143686989074,5.380703149001536,26.71794385114741,13.52284908433963
8,2018,1.8945698924731185,5.864612903225806,27.774060066740823,12.773587690025956
8,2019,2.1976066631287345,6.603868210642404,29.296760459875912,14.202808078232527
8,2020,1.1089102564102564,5.995182795698924,28.68455334987593,12.92090570719603
8,2021,3.5725265580215524,5.286049364613881,26.73418436710984,12.64499752811766
8,2022,3.8044150353827773,5.543839198435972,27.67386714718973,13.307696745309649
8,2023,0.8811232718894009,6.66774193548387,30.858387096774194,13.681290322580645
8,2024,0.34492528735632183,6.871298894557824,29.779606408916756,14.005191570881227
9,1922,4.331333333333333,,28.416666666666668,14.1
9,1923,4.518,,27.235,12.74
9,1924,4.848333333333333,,26.148333333333333,12.456666666666667
9,1925,6.702333333333333,,25.565,11.063333333333333
9,1926,1.8778333333333335,,27.516666666666666,13.111666666666668
9,1927,3.3183333333333334,,25.555,12.110000000000001
9,1928,7.390333333333333,,23.65,11.875
9,1929,0.994,,26.708333333333332,11.483333333333333
9,1930,1.2023333333333333,,28.1,11.2
9,1931,0.9598333333333334,,27.733333333333334,10.725
9,1932,3.868333333333333,,26.461666666666666,12.09
9,1933,2.31,,27.858333333333334,11.916666666666666
9,1934,3.5679999999999996,,25.538333333333334,12.478333333333333
9,1935,7.704666666666667,,24.366666666666667,14.45
9,1936,3.2176666666666667,,28.866666666666667,13.283333333333333
9,1939,2.323666666666667,4.433333333333334,24.866666666666667,10.808333333333334
9,1940,2.046777777777778,,27.965555555555557,11.315555555555557
9,1941,2.6911111111111112,5.4896551724137925,24.953333333333333,11.379999999999999
9,1942,2.8485416666666667,4.4463333333333335,25.46333333333333,11.885833333333332
9,1943,5.969136904761905,4.118333333333333,25.321666666666665,13.416666666666666
9,1944,3.5840952380952382,3.6973333333333334,25.445555555555554,12.363333333333333
9,1945,1.0870833333333334,5.471481481481481,28.861666666666668,15.146666666666667
9,1946,2.31,,26.745,17.955
9,1947,3.1314814814814813,4.894333333333334,25.47533333333333,13.231333333333334
9,1948,3.3446342592592595,4.289333333333333,25.112666666666666,12.883999999999999
9,1949,1.516675,5.212444444444444,27.532777777777778,14.072777777777778
9,1950,2.128537037037037,5.783666666666666,27.920555555555556,13.407222222222222
9,1951,4.448033333333332,5.754388888888888,25.975,12.728333333333333
9,1952,1.2833592592592593,6.097222222222222,27.137777777777778,13.957777777777778
9,1953,3.1974444444444443,5.512222222222222,24.745333333333335,9.479999999999999
9,1954,0.6053333333333334,6.221333333333334,27.94333333333333,12.1975
9,1955,2.2700222222222224,4.464888888888889,27.0565873015873,13.052301587301589
9,1956,0.27825925925925926,5.751,26.417142857142856,10.903333333333334
9,1957,2.6076712962962962,6.364000000000001,26.204444444444444,12.610317460317459
9,1958,3.394893518518518,4.394777777777778,25.864285714285714,11.657142857142857
9,1959,2.196148148148148,5.803111111111111,27.616190476190475,10.897619047619049
9,1960,0.6447407407407407,5.583944444444445,26.714761904761907,9.492857142857142
9,1961,1.9577777777777776,5.6866666666666665,27.249920634920635,11.92126984126984
9,1962,1.8896666666666666,4.908888888888888,26.144285714285715,11.676666666666668
9,1963,2.754611111111111,4.673333333333333,26.125252525252524,11.684444444444445
9,1964,3.419002525252525,3.9655555555555555,27.46772727272727,12.38530303030303
9,1965,3.0314102564102563,4.743888888888889,26.916767676767677,12.52919191919192
9,1966,1.5656388888888888,4.838333333333334,27.496969696969696,12.398484848484848
9,1967,1.9137222222222223,3.7224999999999997,24.152878787878787,12.324939393939394
9,1968,3.730033333333333,4.517777777777778,25.483333333333334,11.629999999999999
9,1969,2.193538383838384,4.8372,26.578787878787878,13.280303030303031
9,1970,4.977547619047619,4.0296666666666665,25.214040404040404,11.624873737373738
9,1971,2.7466153846153842,3.950416666666667,25.98166666666667,12.983333333333333
9,1972,2.4037777777777776,5.686333333333334,27.116666666666667,11.752999999999998
9,1973,3.0810000000000004,4.9431666666666665,25.682142857142857,11.938492063492065
9,1974,2.1321458333333334,5.3896500000000005,26.606410256410257,11.751282051282052
9,1975,0.6103958333333334,5.2873833333333335,25.74230769230769,10.375641025641025
9,1976,4.5036875,4.730133333333333,25.551025641025642,11.592307692307692
9,1977,1.1916004901960784,5.245288888888889,27.258608058608058,12.064102564102564
9,1978,5.232592592592593,4.166888888888889,24.074444444444445,12.313333333333333
9,1979,0.5976296296296296,5.569833333333333,25.811111111111114,10.055555555555555
9,1980,1.412,4.966666666666667,28.454814814814817,12.235185185185184
9,1981,2.5966666666666667,4.193333333333333,26.337037037037035,11.574074074074074
9,1982,1.1857166666666668,5.735555555555555,27.34384531590414,11.73736383442266
9,1983,2.9979999999999998,4.314702380952381,25.72561403508772,12.61140350877193
9,1984,1.4433968253968255,4.087916666666667,24.45,11.033333333333333
9,1985,1.1754615384615383,5.513809523809524,27.344444444444445,11.604166666666666
9,1986,2.976969696969697,5.276666666666667,26.55666666666667,11.686666666666667
9,1987,3.620759259259259,5.007777777777777,26.119791666666668,11.961458333333333
9,1988,2.0388444444444445,4.6905,25.840870098039215,10.74796568627451
9,1989,1.6571724386724387,5.831925925925926,26.503400167084376,10.562222222222223
9,1990,2.5253213564213564,4.3292222222222225,24.678054834054834,11.284055555555556
9,1991,3.1468,3.675027777777778,23.626774578078926,11.571790576573186
9,1992,1.220361111111111,5.330543956043956,26.453623188405796,10.938695652173914
9,1993,2.487373333333333,4.476555555555556,24.865066666666667,12.0008
9,1994,2.008237922705314,4.798239926739926,25.574323671497588,10.878357487922704
9,1995,1.331590909090909,5.207358974358974,27.096060606060608,12.150151515151515
9,1996,3.0876266666666665,4.464177777777778,25.4532,11.714133333333333
9,1997,1.1925999999999999,5.736755555555556,26.849466666666668,11.47
9,1998,1.9138146135265701,4.344833333333333,24.7955193236715,11.822524154589372
9,1999,1.1931233766233766,5.7404145299145295,26.4,11.290151515151514
9,2000,1.096288851245373,6.288309523809525,26.66888888888889,10.80904761904762
9,2001,1.919126984126984,4.6455,25.19333333333333,11.674833333333334
9,2002,3.8222592592592592,4.870791666666666,24.801458333333336,10.723333333333333
9,2003,5.744526315789473,4.102848484848485,24.019298245614035,11.841052631578947
9,2004,6.071955555555556,3.5540555555555557,23.130444444444443,11.101555555555557
9,2005,1.170695652173913,6.188515151515151,26.256363636363638,10.559090909090909
9,2006,3.6785555555555556,4.628871794871795,25.16679012345679,11.90098765432099
9,2007,2.5093809523809525,4.683388888888889,25.526507936507937,10.883333333333333
9,2008,4.366880952380952,3.909666666666667,22.86357142857143,11.335952380952381
9,2009,3.5665238095238094,3.9897710622710623,24.473214285714285,11.908690476190477
9,2010,4.1345238095238095,4.898190476190476,25.630515873015874,12.287270723104056
9,2011,2.003222180118732,5.659948717948718,26.139881583933306,10.86381083369589
9,2012,2.69959934318555,4.843734432234432,25.3817052545156,10.929105090311987
9,2013,6.033512786596121,4.2401610056610055,24.525731040564374,12.190652557319224
9,2014,3.9104818098887066,4.312397222222222,25.351007237122182,12.370294471811713
9,2015,2.9285780423280423,5.002468055555555,26.537495455162123,11.979435965269298
9,2016,2.8744465790914067,4.129155555555555,25.46695840175151,12.451879857690203
9,2017,3.7003871252204585,3.766024621212121,24.308093372676705,12.30387328720662
9,2018,6.390468199233717,3.8927234432234434,24.68029501915709,13.195781609195402
9,2019,1.7821433748188134,4.887387464387464,26.543273887815737,12.62179700560686
9,2020,2.191997222222222,4.557315476190476,25.726198412698412,11.437688492063492
9,2021,3.387357113010446,3.9502609427609428,25.605656922251125,12.114769230769232
9,2022,2.981817731651065,4.458929292929294,25.558384828241152,11.449708470754448
9,2023,0.7925238095238095,6.563103448275863,30.896666666666665,15.106666666666666
9,2024,0.0,,,
10,1922,0.264516129032258,,26.967741935483872,7.32258064516129
10,1923,2.0188709677419356,,23.93548387096774,8.529032258064515
10,1924,0.0008064516129032258,,25.40967741935484,7.535483870967742
10,1925,1.2185483870967742,,24.95483870967742,8.456451612903225
10,1926,0.9088709677419354,,26.9,9.701612903225806
10,1927,3.3866129032258065,,24.375806451612902,8.73225806451613
10,1928,0.4685483870967742,,25.596774193548388,10.03225806451613
10,1929,0.5003225806451613,,24.54032258064516,7.145161290322581
10,1930,3.5775806451612904,,25.266129032258064,10.661290322580646
10,1931,0.13016129032258064,,26.041935483870965,8.324193548387097
10,1932,1.016451612903226,,26.030645161290323,8.30967741935484
10,1933,0.9129032258064517,,25.879032258064516,8.556451612903226
10,1934,1.5411290322580644,,24.85483870967742,9.45741935483871
10,1935,0.4745161290322581,,25.080645161290324,8.35483870967742
10,1939,2.9096774193548387,4.012903225806451,23.92258064516129,9.498387096774193
10,1940,1.314516129032258,,27.225806451612904,9.566129032258065
10,1941,0.7677150537634408,4.3,25.71559139784946,8.876344086021506
10,1942,1.5203225806451615,4.783064516129032,25.937096774193545,7.744354838709677
10,1943,1.1950921658986176,4.073225806451613,23.886290322580646,7.075806451612903
10,1944,0.7544700460829493,4.311451612903226,24.59247311827957,5.815053763440861
10,1945,0.911889400921659,,27.46236559139785,15.383870967741935
10,1946,0.8858064516129032,4.389655172413793,27.473387096774193,14.464516129032257
10,1947,0.8434767025089607,4.915,26.94,12.978709677419355
10,1948,1.34459229390681,3.9441935483870965,24.201290322580647,11.286451612903226
10,1949,1.6617419354838712,4.38516129032258,25.937096774193545,11.61236559139785
10,1950,0.1921236559139785,4.981075268817204,25.59247311827957,6.962903225806452
10,1951,1.7017455197132616,5.088494623655914,24.945698924731182,10.370430107526882
10,1952,0.08301075268817204,5.643978494623656,24.127741935483872,4.427741935483871
10,1953,1.7691935483870966,4.095161290322581,23.905376344086022,11.28010752688172
10,1954,1.152437275985663,4.969677419354839,25.88225806451613,11.036290322580646
10,1955,0.9285483870967742,4.816236559139785,26.345622119815665,9.103686635944701
10,1956,0.3694982078853047,5.781129032258065,25.08709677419355,8.622119815668203
10,1957,0.9866129032258064,4.735483870967743,24.2241935483871,9.862903225806452
10,1958,5.293624551971327,3.4640860215053766,23.469124423963134,10.288018433179724
10,1959,3.3965994623655913,4.505913978494624,24.794623655913977,9.612135176651305
10,1960,1.1183154121863799,5.494623655913979,26.98294930875576,8.841013824884792
10,1961,0.5541218637992832,4.790322580645161,26.22672811059908,9.046313364055301
10,1962,0.9012096774193549,4.719354838709678,24.47073732718894,9.744239631336406
10,1963,0.7912903225806452,4.563440860215054,23.22811059907834,8.317665130568356
10,1964,1.2575537634408602,4.244086021505376,23.939882697947215,8.827565982404693
10,1965,0.22478494623655912,5.090860215053763,24.468866080156403,6.856143695014663
10,1966,0.9991959921798632,4.133870967741935,24.92991202346041,9.5841642228739
10,1967,1.390215053763441,3.679032258064516,22.9891495601173,8.400293255131965
10,1968,0.7919178885630499,4.462096774193548,27.340501792114694,9.144086021505377
10,1969,0.5133002481389578,4.916903225806452,26.893817204301076,10.682795698924732
10,1970,0.798252688172043,4.829704301075269,26.048387096774192,8.764516129032257
10,1971,2.19991935483871,3.417956989247312,25.225806451612904,11.448028673835127
10,1972,0.6910209145693017,5.731806451612903,27.061876832844572,10.091642228739001
10,1973,1.205652329749104,4.586290322580646,23.661290322580644,9.60397465437788
10,1974,0.5027231182795698,4.79883870967742,24.483250620347395,8.206989247311828
10,1975,0.4080443548387097,5.327354838709677,25.69106699751861,7.828784119106699
10,1976,0.6193346774193549,3.9861290322580647,23.311662531017372,8.78908188585608
10,1977,1.2040014231499052,4.834731182795699,25.905707196029777,9.936990428925913
10,1978,1.7805555555555557,3.5310215053763443,22.589247311827958,8.90967741935484
10,1979,0.022401433691756272,6.055752688172043,27.963440860215055,6.511827956989247
10,1980,1.187741935483871,4.1811520737327195,24.40443548387097,8.56149193548387
10,1981,0.8282419354838709,4.344700460829493,26.185958254269448,9.791650853889944
10,1982,1.3358225806451614,4.91008064516129,25.752122241086585,9.30220713073005
10,1983,0.6809677419354838,4.571370967741935,25.581494057724957,9.417657045840409
10,1984,0.46987096774193543,4.694354838709677,26.208243727598564,8.650537634408602
10,1985,1.4534532671629445,4.719354838709678,25.430938416422286,8.974633431085044
10,1986,1.1606451612903226,,22.987903225806452,9.258064516129032
10,1987,0.24668817204301077,4.614193548387097,23.879032258064516,7.125576036866359
10,1988,0.2548745519713262,4.773467741935484,25.271781874039938,7.544132104454685
10,1989,0.9176399336988398,5.024813620071685,26.052905785970303,6.824782386072709
10,1990,1.8804398826979472,4.168322580645161,24.05322580645161,9.19758064516129
10,1991,1.5809947872837773,3.6581141439205958,23.50260168302945,8.01020079476391
10,1992,1.7322159887798039,3.897233626588465,24.10983102918587,8.476190476190476
10,1993,0.22947096774193548,4.423821339950372,25.869032258064514,8.455354838709678
10,1994,1.151814516129032,4.237920950017724,25.647849462365592,8.879301075268817
10,1995,0.0612258064516129,5.688479262672811,26.131870967741936,6.758967741935484
10,1996,3.726493688639551,4.372695852534561,23.499438990182327,7.917671809256662
10,1997,0.9083096774193548,4.884559139784947,25.01251612903226,7.9558709677419355
10,1998,0.6652454417952314,4.184519061583578,25.31220196353436,10.046844319775595
10,1999,0.1284165584739838,5.299190003544843,24.701290322580647,6.852741935483871
10,2000,0.8468742008342289,4.329118279569892,24.99985974754558,8.24586255259467
10,2001,0.4571129032258064,4.9617302052785925,24.80509337860781,7.1986417657045845
10,2002,1.7599320882852292,4.233978494623655,24.96527514231499,8.766484819734345
10,2003,1.830721966205837,3.650850439882698,22.87572964669739,8.012596006144394
10,2004,0.7618433179723502,4.11241935483871,24.759447004608298,8.228341013824885
10,2005,1.4503812316715543,4.916655913978495,25.15601173020528,8.476016830294531
10,2006,1.8999131513647642,4.012084367245658,24.436600496277915,9.423573200992557
10,2007,0.37012288786482334,4.78989247311828,24.75516129032258,6.607680491551459
10,2008,0.5225062034739454,3.896344086021505,22.816129032258065,7.35409429280397
10,2009,1.3118982630272953,4.246898263027296,24.78560794044665,9.103473945409428
10,2010,0.007152788812966789,5.228844719796333,25.4054407782717,5.898714480839064
10,2011,0.59961957730812,4.967504135649297,25.06027808676307,6.869725621060438
10,2012,0.4441704457944725,5.190157745480326,26.08055275091983,8.521151707024899
10,2013,1.2945703191670934,4.093186813186813,25.421938766132318,9.306034568776504
10,2014,0.635924360400445,4.358015080349758,25.665087175050466,8.556616405059119
10,2015,2.9086433543340977,3.6974133850020947,24.30942143670054,9.404474390603422
10,2016,0.44242679991289563,4.078133064516129,25.128132557180386,8.913431886286169
10,2017,0.6698924731182795,3.8866359447004606,24.855762038335673,8.929575736325386
10,2018,2.0821307272630962,3.5159659695143564,23.71418427882833,10.00958604798983
10,2019,0.8897220016542596,4.714860766473669,26.584086426256047,10.117139105754863
10,2020,0.004962779156327543,5.70057603686636,27.134420418291384,6.738816022686991
10,2021,1.6997023573200993,3.844863523573201,25.530213039882042,9.434661840543749
10,2022,1.2995745572229445,3.891290322580645,25.144924452530127,7.914951453091052
10,2023,0.0,6.43,28.95,14.55
11,1922,0.0013333333333333333,,27.616666666666667,5.333333333333333
11,1923,3.5443333333333333,,19.975,7.36
11,1924,0.00016666666666666666,,23.60666666666667,3.615
11,1925,1.524,,21.94333333333333,4.348333333333333
11,1926,0.08333333333333333,,24.598333333333336,3.4916666666666667
11,1927,0.041666666666666664,,25.288333333333334,3.3633333333333337
11,1928,0.6178333333333333,,21.016666666666666,5.1033333333333335
11,1929,1.262,,20.766666666666666,4.691666666666666
11,1930,1.7378333333333333,,19.491666666666667,6.033333333333333
11,1931,0.0003333333333333333,,24.883333333333333,4.233333333333333
11,1932,0.0,,23.41,2.68
11,1933,0.0085,,23.716666666666665,2.8449999999999998
11,1934,0.03383333333333333,,22.516666666666666,4.283333333333333
11,1935,0.49,,24.75,5.983333333333333
11,1939,0.06333333333333332,3.2133333333333334,21.815,4.025
11,1940,1.4706666666666666,,23.983333333333334,4.864999999999999
11,1941,0.16608333333333333,3.75,24.787777777777777,7.428888888888889
11,1942,0.321875,4.280833333333334,23.647499999999997,4.566666666666666
11,1943,0.06916666666666667,3.9653333333333336,21.671666666666667,1.3583333333333334
11,1944,1.2242,3.6655172413793102,24.458333333333332,6.111666666666666
11,1945,0.07638095238095238,,26.511111111111113,10.416666666666666
11,1946,1.680375,3.814285714285714,25.09916666666667,10.635
11,1947,0.11251851851851852,4.938000000000001,24.043333333333333,9.71
11,1948,0.3240416666666667,4.228666666666666,22.531333333333336,7.038
11,1949,0.0007083333333333334,4.1375,23.189833333333336,5.633166666666667
11,1950,0.005930555555555556,4.5120000000000005,24.462777777777777,2.3883333333333336
11,1951,0.27493333333333336,4.437444444444444,24.380555555555553,8.505
11,1952,0.22949999999999998,5.181611111111111,23.631666666666668,7.2427777777777775
11,1953,1.0937629629629628,4.115833333333333,20.51833333333333,5.355
11,1954,0.026000000000000002,5.168,25.220000000000002,4.7283333333333335
11,1955,0.11193333333333334,5.240222222222223,24.904761904761905,8.32
11,1956,0.28174074074074074,5.0275,23.031428571428574,5.457619047619048
11,1957,0.01859259259259259,4.788555555555556,22.970000000000002,6.7004761904761905
11,1958,1.397037037037037,3.137111111111111,21.902619047619048,7.311507936507937
11,1959,0.3695185185185185,4.379888888888889,22.808666666666667,5.078095238095239
11,1960,0.0001111111111111111,5.122777777777778,26.355634920634923,7.017857142857142
11,1961,0.00925925925925926,5.321666666666667,24.935714285714287,5.274285714285714
11,1962,0.10208333333333333,4.773444444444444,22.474107142857143,4.016666666666667
11,1963,0.23619444444444446,4.376,22.826801346801346,5.138754208754209
11,1964,0.16912820512820512,4.235833333333334,24.032954545454547,6.026262626262626
11,1965,0.4593055555555556,5.0055555555555555,24.936363636363637,6.44030303030303
11,1966,0.09030555555555557,4.036972222222222,23.944848484848485,4.5212121212121215
11,1967,0.18599999999999997,3.8925,23.785016835016837,5.9367340067340075
11,1968,0.14715757575757576,4.754583333333333,24.092592592592595,4.568888888888889
11,1969,1.0766538461538462,4.452533333333333,24.28901515151515,6.779772727272727
11,1970,0.25,4.2458833333333335,23.173939393939396,3.936060606060606
11,1971,0.0,4.404750000000001,24.651,6.878333333333333
11,1972,0.5681904761904762,5.15045,24.631818181818183,7.945454545454546
11,1973,0.00012916666666666667,4.593533333333334,24.398717948717948,5.663247863247863
11,1974,0.11491666666666668,4.165916666666667,23.04230769230769,4.37051282051282
11,1975,6.25e-05,4.9784999999999995,24.55769230769231,4.142307692307693
11,1976,2.3861458333333334,3.23065,18.47897435897436,4.467948717948718
11,1977,0.026156862745098042,4.48910634920635,23.034126984126985,4.902857142857143
11,1978,0.01981481481481481,4.057857142857142,23.496666666666666,5.847777777777778
11,1979,0.11096296296296297,4.563666666666666,23.35111111111111,2.2766666666666664
11,1980,0.41089473684210526,3.6792380952380954,21.554166666666667,3.611458333333333
11,1981,0.19649122807017547,4.062777777777778,24.847916666666666,3.8979166666666667
11,1982,1.028925925925926,4.299047619047618,23.11392156862745,4.6117647058823525
11,1983,0.3663650793650794,3.95875,23.71578947368421,4.732456140350878
11,1984,0.044033333333333334,4.312916666666666,24.581481481481482,4.786111111111111
11,1985,0.10051282051282052,4.19,23.633333333333333,4.753030303030303
11,1986,0.2511111111111111,8.4615,22.756666666666668,5.883333333333334
11,1987,0.1874705882352941,4.021111111111111,22.433333333333334,4.16
11,1988,0.03148148148148148,4.443238095238096,24.973958333333332,5.651666666666667
11,1989,1.152469696969697,4.230156746031747,23.72722222222222,4.932222222222222
11,1990,0.08766522366522365,4.0568333333333335,23.815046897546896,4.8159956709956715
11,1991,0.28730736714975846,3.414461538461538,22.2011038961039,4.1703463203463205
11,1992,0.8983333333333333,3.4891666666666667,22.032424242424245,4.507878787878789
11,1993,1.0823333333333334,3.8097179487179487,24.040399999999998,5.632000000000001
11,1994,0.18486050724637682,4.16648717948718,25.384178743961353,6.859299516908212
11,1995,0.10030303030303031,3.8795555555555556,24.16075757575758,5.117272727272728
11,1996,0.4901466666666668,3.8518222222222227,22.011733333333332,3.6392
11,1997,0.70736,4.061714285714285,23.786133333333336,4.9532
11,1998,0.5650144927536231,3.960138888888889,24.188550724637683,5.515797101449276
11,1999,0.07158730158730159,4.3882619047619045,21.94560606060606,1.471969696969697
11,2000,0.14794931773879144,4.285911111111111,23.046507936507933,5.182698412698413
11,2001,0.20233333333333334,4.151833333333333,22.38035087719298,3.5745614035087723
11,2002,0.6059607843137255,3.2985416666666665,21.320444444444444,4.207333333333334
11,2003,0.014532679738562091,4.032958333333333,23.71333333333333,5.473485838779956
11,2004,0.15723076923076923,3.5730833333333334,21.528205128205126,2.425641025641026
11,2005,0.16608333333333333,4.14930303030303,23.68984126984127,2.866349206349206
11,2006,0.31065432098765433,3.9388974358974362,22.786074074074072,3.373950617283951
11,2007,0.19192063492063494,4.214861111111111,23.17142857142857,3.3484126984126985
11,2008,0.022307692307692306,4.097666666666667,21.910512820512817,2.8092307692307696
11,2009,0.7057530864197531,3.5152783882783885,21.671234567901234,3.089012345679012
11,2010,0.0,4.244071428571428,23.096247947454845,1.9022290640394088
11,2011,0.008933333333333331,4.436925213675213,23.16145593869732,2.901624521072797
11,2012,0.18235632183908043,3.859735042735043,23.598022410752296,5.733249407042511
11,2013,1.0819310344827584,2.752482905982906,20.897378063613697,6.751517210971234
11,2014,1.4884351395730708,3.034674603174603,20.859031229094448,4.274608949798605
11,2015,0.2612151092117759,3.036189010989011,24.334783200792764,8.007984437838061
11,2016,0.9409850088183422,3.0265587301587304,21.847011396011396,6.595325939492606
11,2017,0.0008266666666666667,3.8772055555555553,24.949056231884057,4.0137147342995165
11,2018,0.7102432950191571,3.144688095238095,22.212180623973726,4.04945238095238
11,2019,1.6131928632478632,3.241847222222222,23.120662619406737,7.434921543489191
11,2020,0.0,4.5451507936507936,25.55325763125763,5.4038095238095245
11,2021,0.24635996201329532,3.522463383838384,24.20840649077171,5.027957114249143
11,2022,0.27135386473429957,4.34917094017094,25.685717261241173,4.687229134150873
11,2023,1.2040000000000002,4.128333333333333,25.546666666666667,6.84
12,1922,0.0,,25.806451612903224,0.6774193548387096
12,1923,1.0408064516129032,,18.6,5.564516129032258
12,1924,0.7838709677419355,,25.580645161290324,2.232258064516129
12,1925,3.3609677419354838,,18.038709677419355,1.8451612903225807
12,1926,0.10564516129032256,,21.919354838709676,3.5080645161290325
12,1927,0.9296774193548386,,18.91290322580645,4.116129032258065
12,1928,0.0004838709677419355,,19.9,1.914516129032258
12,1929,0.5491935483870968,,20.35483870967742,2.5161290322580645
12,1930,0.9685483870967743,,19.282258064516128,3.9516129032258065
12,1931,0.8548387096774194,,21.725806451612904,1.2354838709677418
12,1932,0.0,,21.403225806451612,2.911290322580645
12,1933,0.0,,24.612903225806452,-0.3951612903225806
12,1934,0.17016129032258065,,21.588709677419356,3.193548387096774
12,1935,0.000967741935483871,,21.14516129032258,2.967741935483871
12,1936,0.0016129032258064516,,22.677419354838708,-0.532258064516129
12,1939,0.5195161290322581,3.1933333333333334,19.940322580645162,3.643548387096774
12,1940,0.526989247311828,,21.98494623655914,2.99247311827957
12,1941,1.2830645161290322,3.9433333333333334,19.971774193548388,4.551612903225807
12,1942,8.064516129032258e-05,4.381451612903225,21.87741935483871,-0.42338709677419356
12,1943,0.3914112903225806,3.347741935483871,20.000806451612902,2.9451612903225803
12,1944,0.07129032258064516,3.1551724137931036,20.94516129032258,3.0016129032258063
12,1945,0.07387096774193548,,22.868817204301074,7.254838709677419
12,1946,0.9337096774193548,3.776875,23.536290322580644,8.378225806451614
12,1947,0.09311827956989248,4.191774193548387,19.574193548387097,5.742580645161291
12,1948,0.11957437275985665,3.648387096774193,22.374193548387098,6.0116129032258065
12,1949,0.3627598566308244,3.964193548387097,23.453709677419358,6.985161290322581
12,1950,0.008257168458781362,3.8364516129032262,21.21559139784946,2.0494623655913977
12,1951,0.11802867383512544,4.879462365591397,21.356129032258064,7.447096774193548
12,1952,0.040741935483870964,4.520967741935484,20.926344086021505,4.523655913978494
12,1953,0.8653763440860216,3.497956989247312,18.114193548387096,0.9561290322580646
12,1954,0.1507885304659498,4.384516129032257,19.5258064516129,3.1825806451612904
12,1955,0.0,4.811935483870967,20.986175115207374,2.4391705069124425
12,1956,0.0968817204301075,5.001129032258064,20.851152073732717,3.885253456221198
12,1957,0.16741935483870965,3.7201612903225807,19.12462365591398,3.3193548387096774
12,1958,1.240766129032258,2.393548387096774,18.3852534562212,4.656221198156683
12,1959,0.09469534050179212,4.583333333333334,19.50552995391705,3.4110599078341015
12,1960,0.6461648745519714,3.7176344086021507,21.461981566820278,4.370122887864824
12,1961,0.014336917562724014,4.95483870967742,21.468433179723505,2.6341013824884794
12,1962,0.6512096774193549,3.5053763440860215,19.875403225806455,3.9971774193548386
12,1963,1.1290322580645162,3.1696236559139783,18.544868035190614,4.582991202346041
12,1964,0.44009925558312657,3.4913978494623654,21.065860215053764,3.0859481915933533
12,1965,1.3165860215053764,3.9065860215053765,19.060997067448678,5.063929618768328
12,1966,0.03541935483870968,3.5908602150537634,20.376344086021504,2.3853046594982077
12,1967,0.28225806451612906,3.5483870967741935,19.45622119815668,4.168663594470046
12,1968,1.1734982078853047,3.006989247311828,19.993951612903224,4.000806451612903
12,1969,0.5857071960297766,3.9216451612903227,20.267839687194524,3.3873655913978493
12,1970,0.0002956989247311828,4.366424731182796,23.759999999999998,3.133870967741936
12,1971,0.05637717121588089,3.9323387096774196,22.229032258064517,4.537096774193548
12,1972,0.08739631336405529,4.311387096774193,21.887096774193548,4.067448680351906
12,1973,0.036149193548387096,4.4316774193548385,21.364764267990072,0.9826302729528535
12,1974,0.5628629032258065,3.6678870967741934,19.858560794044667,3.6873449131513647
12,1975,0.5540725806451613,3.898258064516129,20.796526054590572,2.311517783291977
12,1976,1.3180430107526881,2.560483870967742,17.61891495601173,5.04411045943304
12,1977,0.04967741935483871,3.948847926267281,23.125883256528414,1.9780337941628263
12,1978,0.16999999999999998,3.7820276497695855,21.162365591397847,3.7139784946236563
12,1979,1.2337275985663083,3.2200537634408604,20.313978494623658,3.6139784946236557
12,1980,0.5521561969439728,3.305207373271889,20.228830645161292,3.553024193548387
12,1981,0.4366129032258065,3.4778801843317972,21.594698766603415,3.064753320683112
12,1982,0.38416422287390034,3.545161290322581,19.748387096774195,2.838709677419355
12,1983,0.006144393241167435,3.6673387096774195,22.453491017233155,2.870665357257787
12,1984,0.46903225806451615,3.5963709677419353,22.282258064516128,4.201612903225806
12,1985,1.084119106699752,3.4110599078341015,20.806451612903224,2.4281524926686213
12,1986,0.5704301075268817,3.7329032258064516,19.674193548387095,2.296774193548387
12,1987,0.7820551338815096,3.480752688172043,21.41167434715822,5.14005376344086
12,1988,0.048924731182795694,3.715668202764977,22.763951612903227,3.5721102150537636
12,1989,1.0613141321044548,3.0054454685099845,18.54011978871911,2.4297934352009056
12,1990,0.09588479262672811,4.016535458269329,21.836000485083677,3.070684372220875
12,1991,0.9622755960729312,2.487258064516129,19.6218793828892,4.981720430107527
12,1992,0.4188269794721408,3.4892059553349872,22.17521295908393,4.7844225666806315
12,1993,0.08460645161290321,3.717437965260546,22.86733870967742,2.865591397849462
12,1994,0.35330645161290325,3.45186281460475,22.282844086021505,4.714962365591398
12,1995,0.20703812316715542,3.2497270471464024,20.828005865102643,2.761143695014663
12,1996,0.0009935483870967743,3.3183010752688173,21.020516129032256,1.9571612903225808
12,1997,0.2508117110799439,3.849994623655914,18.592110799438988,-0.4924029920523609
12,1998,0.01077956989247312,3.90082991202346,22.14261337073399,2.3106767180925667
12,1999,0.2356304985337243,3.83463133640553,19.79824046920821,-0.2940161988549085
12,2000,0.46188255830191305,3.562493796526055,20.780924451892194,1.4451550062840386
12,2001,0.16016129032258064,3.463763440860215,20.447741935483872,2.3221582181259603
12,2002,0.01837011884550085,3.3569999999999998,20.03735768500949,0.9907613851992411
12,2003,0.0021863799283154124,3.6614336917562724,20.441756272401435,-0.9442652329749104
12,2004,0.015930521091811412,2.7205645161290324,19.070719602977668,0.8957816377171216
12,2005,0.21401433691756275,3.4438445747800586,20.77293906810036,1.607347670250896
12,2006,0.8514336917562724,3.139462365591398,19.33281867475416,1.8042964801029318
12,2007,0.00036866359447004614,4.248010752688172,22.65883256528418,2.4764976958525344
12,2008,5.376344086021506e-05,4.252661290322581,22.05483870967742,1.553225806451613
12,2009,0.3436721283495477,3.0814976958525344,19.887086599183373,2.235683432457626
12,2010,0.0,3.609650537634409,21.709372053604532,-0.603824090259018
12,2011,0.006128076463560335,4.14252688172043,22.133938246964195,1.9191329721133368
12,2012,0.09158543069833393,3.7737183246860666,22.1805323696614,3.2010958814184622
12,2013,1.924444223740664,3.2477951081176886,20.34447463672158,3.9098689902360646
12,2014,0.3679882997569315,2.9417569272125723,21.20933244463278,2.7234166710807424
12,2015,0.07739545997610514,3.247075268817204,21.429185736605092,3.316413932542965
12,2016,0.16782977667493798,3.2621515581193,22.986456575682382,3.9300744416873448
12,2017,0.9569056152927122,2.7058894600023633,20.18659277639923,2.9425277088502897
12,2018,0.1012974733831241,3.0545710472323377,20.358417524468692,1.9192646444314962
12,2019,0.8637958696023212,3.027630022307442,21.136448420472192,3.0746035062843213
12,2020,0.07487250384024577,3.7343010752688173,21.739157509157508,2.1390464374335343
12,2021,0.1627534128097242,3.48433431085044,24.4307821199371,3.602828781503676
12,2022,0.004783883717965064,3.507152492668622,23.13448882230439,2.7163957244251775
12,2023,0.3575268817204301,3.1346236559139786,22.280645161290323,4.704301075268818
