date,rain,evap,t_max,t_min,bayo_price,urea_price
1998-01-31,0.0053091397849462,4.062764976958525,20.10725806451613,-0.7538978494623656,5.25,1680.0
1998-02-28,0.1458695652173913,6.037474489795918,20.81444099378882,-0.3321428571428571,5.58,1713.6
1998-03-31,0.0014381720430107,7.880207373271889,25.28010752688172,3.2543010752688173,6.0,1747.2
1998-04-30,0.0154444444444444,9.944880952380952,28.87472222222222,6.098888888888889,6.0,1780.8
1998-05-31,2.932551319648094e-05,10.59727047146402,32.480351906158354,10.318181818181818,6.0,1814.4
1998-06-30,1.3665652173913043,8.597794871794871,31.623768115942028,14.480579710144928,6.0,1848.0
1998-07-31,0.7971236559139785,8.096823821339951,29.247849462365597,13.422311827956989,7.0,1881.6
1998-08-31,4.653562412342216,5.764665012406947,26.43562412342216,13.224824684431976,7.75,1915.2
1998-09-30,1.91381461352657,4.344833333333333,24.7955193236715,11.822524154589372,6.7,1948.8
1998-10-31,0.6652454417952314,4.184519061583578,25.31220196353436,10.046844319775596,6.0,1982.4
1998-11-30,0.5650144927536231,3.960138888888889,24.188550724637683,5.515797101449276,5.62,2016.0
1998-12-31,0.0107795698924731,3.90082991202346,22.14261337073399,2.3106767180925667,5.0,2049.6
1999-01-31,0.002932551319648,4.690439882697947,21.33460410557185,-1.072873900293255,5.0,2083.2
1999-02-28,0.026965909090909,5.640227272727273,24.055844155844152,3.171753246753247,4.75,2116.8
1999-03-31,0.0104105571847507,7.951260997067449,25.578364055299534,4.447242703533026,4.5,2150.4
1999-04-30,0.006578947368421,9.11921212121212,28.82560606060606,8.647575757575758,4.5,2184.0
1999-05-31,0.097462971945994,9.908306451612903,30.82078853046595,9.82078853046595,4.5,2217.6
1999-06-30,3.2321483918128653,6.976118686868687,28.72877777777778,13.71281746031746,4.2,2251.2
1999-07-31,2.5391158945751475,5.976378299120234,26.11233486943164,11.844016897081412,4.0,2284.8
1999-08-31,1.070405669599218,6.635924317617866,27.66158357771261,12.37859237536657,3.62,2318.4
1999-09-30,1.1931233766233766,5.7404145299145295,26.4,11.290151515151514,3.5,2352.0
1999-10-31,0.1284165584739838,5.299190003544843,24.701290322580647,6.852741935483871,4.62,2385.6
1999-11-30,0.0715873015873015,4.3882619047619045,21.94560606060606,1.471969696969697,5.0,2419.2
1999-12-31,0.2356304985337243,3.83463133640553,19.79824046920821,-0.2940161988549085,5.0,2452.8
2000-01-31,2.688172043010753e-05,4.637118279569893,22.026450337880917,0.812769348463598,5.12,2486.4
2000-02-29,0.0145833333333333,5.702896551724138,24.51876788878288,2.479804902743433,5.4,2520.0
2000-03-31,0.0004569892473118,7.651053763440861,26.484757108249397,4.639385439245187,5.17,1680.0
2000-04-30,0.0445320910973084,8.628311111111111,29.23565217391304,7.648405797101449,6.0,1680.0
2000-05-31,1.029475206887549,7.970344086021505,30.118621700879764,11.635190615835777,7.4,1800.0
2000-06-30,4.200074565531087,6.465807692307692,26.053434343434343,12.76683261183261,8.75,2232.5
2000-07-31,1.6484633324833184,7.053032258064516,27.907280377406604,11.7149751370649,8.75,2665.0
2000-08-31,2.151303892460975,5.850795698924731,26.016715542521997,11.177126099706744,7.8,1800.0
2000-09-30,1.096288851245373,6.288309523809525,26.66888888888889,10.80904761904762,8.0,2850.0
2000-10-31,0.8468742008342289,4.329118279569892,24.99985974754558,8.24586255259467,6.75,1950.0
2000-11-30,0.1479493177387914,4.285911111111111,23.046507936507933,5.182698412698413,6.2,1970.0
2000-12-31,0.461882558301913,3.562493796526055,20.780924451892197,1.4451550062840386,6.4,2020.0
2001-01-31,0.049574780058651,3.987841191066997,20.38125960061444,2.9078341013824884,6.5,3175.0
2001-02-28,0.0290646258503401,5.420535714285714,23.31607142857143,4.037857142857143,6.75,2050.0
2001-03-31,0.2880491551459293,7.038817204301076,23.95193548387097,3.4520967741935484,7.25,2040.0
2001-04-30,0.5936,8.402785353535354,29.741929824561403,9.376491228070174,7.25,2025.0
2001-05-31,0.7418433179723503,7.622016129032258,28.14306451612903,10.489354838709678,9.0,2020.0
2001-06-30,1.1168888888888888,7.441833333333333,28.473333333333336,12.343,8.75,2085.0
2001-07-31,1.794378419166195,7.089645161290322,28.46336706725701,12.620472274931478,9.5,2020.0
2001-08-31,2.519838709677419,6.295483870967741,27.350537634408603,12.536712749615974,9.7,3050.0
2001-09-30,1.919126984126984,4.6455,25.19333333333333,11.674833333333334,10.12,3075.0
2001-10-31,0.4571129032258064,4.9617302052785925,24.80509337860781,7.1986417657045845,9.0,4100.0
2001-11-30,0.2023333333333333,4.151833333333333,22.38035087719298,3.5745614035087723,8.62,4137.179487179487
2001-12-31,0.1601612903225806,3.463763440860215,20.447741935483872,2.3221582181259603,7.5,4174.358974358975
2002-01-31,0.26,4.118330889540567,21.34531490015361,0.8184331797235023,7.62,4211.538461538462
2002-02-28,1.4971000417710945,4.732045454545455,21.046316234827263,2.874308473389356,8.25,4248.717948717949
2002-03-31,0.0027096774193548,7.38038660801564,25.706621392190154,5.504244482173174,8.12,4285.897435897436
2002-04-30,0.1359047619047619,7.763916666666666,29.1835,9.2635,8.56,4323.076923076923
2002-05-31,0.4767588325652842,8.206505376344086,30.78532258064516,11.83532258064516,8.75,4360.25641025641
2002-06-30,2.1948333333333334,7.368515151515152,28.27888888888889,12.602222222222222,9.0,4397.4358974358975
2002-07-31,3.4295229202037354,5.492478005865102,26.04001027830487,11.982036685642,8.875,4434.615384615385
2002-08-31,3.427718084545646,5.539978494623655,26.276714669738865,11.790973502304148,8.75,4471.794871794872
2002-09-30,3.8222592592592592,4.870791666666666,24.801458333333336,10.723333333333333,8.625,4508.974358974359
2002-10-31,1.7599320882852292,4.233978494623655,24.96527514231499,8.766484819734345,8.5,4546.153846153846
2002-11-30,0.6059607843137255,3.2985416666666665,21.320444444444444,4.207333333333334,8.375,4583.333333333333
2002-12-31,0.0183701188455008,3.357,20.03735768500949,0.9907613851992412,8.25,4620.51282051282
2003-01-31,0.1599151103565365,3.259731182795699,20.348000377287303,1.6925014148273911,8.125,4657.692307692308
2003-02-28,0.4517838345864662,4.883756493506493,21.845751879699247,3.973806390977444,8.0,4694.871794871795
2003-03-31,0.0066205837173579,7.336351906158358,24.945775729646694,4.207066052227343,7.875,4732.051282051282
2003-04-30,0.0369047619047619,7.636974074074074,27.363968253968256,8.413650793650794,7.75,4769.2307692307695
2003-05-31,0.6160829493087557,9.25679211469534,31.554032258064517,11.65548387096774,7.625,4806.410256410257
2003-06-30,2.802047619047619,6.947796296296297,28.541587301587303,13.136825396825396,7.5,4843.589743589744
2003-07-31,3.6538732718894007,5.243326164874552,24.78824116743472,12.024170506912442,7.375,4880.7692307692305
2003-08-31,3.146267281105991,5.261161290322581,25.353302611367127,11.329339477726576,7.25,4917.948717948718
2003-09-30,5.744526315789473,4.102848484848485,24.019298245614035,11.841052631578949,7.125,4955.128205128205
2003-10-31,1.830721966205837,3.650850439882698,22.87572964669739,8.012596006144394,7.0,4992.307692307692
2003-11-30,0.014532679738562,4.032958333333333,23.71333333333333,5.473485838779956,6.875,5029.48717948718
2003-12-31,0.0021863799283154,3.661433691756272,20.441756272401435,-0.9442652329749104,6.75,5066.666666666667
2004-01-31,1.5895483870967742,2.548294930875576,16.89010752688172,1.86752688172043,6.625,5103.846153846154
2004-02-29,0.1366206896551724,4.84667487684729,20.352413793103448,0.8963218390804597,6.5,5141.025641025641
2004-03-31,0.971820276497696,6.213440860215054,24.26198156682028,5.464746543778802,6.375,5178.205128205129
2004-04-30,0.2177435897435897,7.538222222222222,25.766153846153845,6.018717948717949,6.25,5215.384615384615
2004-05-31,1.0748617511520735,7.680483870967742,28.157834101382488,9.814516129032258,6.125,5252.5641025641025
2004-06-30,3.8095777777777777,5.638833333333333,26.28088888888889,11.750222222222222,6.0,5289.74358974359
2004-07-31,3.339966205837173,5.48978494623656,25.598494623655917,11.414485407066053,5.875,5326.923076923077
2004-08-31,3.641870967741936,5.248333333333333,25.18039938556068,11.555253456221198,5.75,5364.102564102564
2004-09-30,6.071955555555556,3.554055555555556,23.130444444444443,11.101555555555557,5.625,5401.282051282051
2004-10-31,0.7618433179723502,4.11241935483871,24.759447004608298,8.228341013824885,5.5,5438.461538461539
2004-11-30,0.1572307692307692,3.5730833333333334,21.528205128205126,2.425641025641026,5.375,5475.641025641025
2004-12-31,0.0159305210918114,2.7205645161290324,19.070719602977668,0.8957816377171216,5.25,5512.820512820513
2005-01-31,0.1678681626928471,3.719419354838709,20.48299120234604,1.677565982404692,5.125,5550.0
2005-02-28,1.9049511978704528,3.990876623376624,19.76866883116883,4.838961038961039,5.0,5587.179487179487
2005-03-31,0.0603238556674741,6.727126099706744,22.39296187683285,3.2865102639296184,5.0,5624.358974358975
2005-04-30,0.0648115942028985,8.362318181818182,27.95550724637681,6.630869565217392,5.0,5661.538461538462
2005-05-31,0.1993267882187938,9.019173998044964,29.4741935483871,8.881206171107994,5.62,5698.717948717949
2005-06-30,0.305159420289855,9.92760606060606,31.427971014492755,11.66768115942029,7.5,5735.897435897436
2005-07-31,2.91549853372434,7.081366568914956,27.03380533445049,12.641272168691524,8.25,5773.076923076924
2005-08-31,2.81521165370394,5.741290322580645,25.33841642228739,11.599266862170088,8.4,5810.25641025641
2005-09-30,1.170695652173913,6.188515151515151,26.25636363636364,10.559090909090909,9.0,5847.4358974358975
2005-10-31,1.4503812316715543,4.916655913978495,25.15601173020528,8.476016830294531,10.0,5884.615384615385
2005-11-30,0.1660833333333333,4.14930303030303,23.68984126984127,2.866349206349206,10.0,5921.794871794872
2005-12-31,0.2140143369175627,3.4438445747800586,20.77293906810036,1.607347670250896,10.0,5958.974358974359
2006-01-31,0.778349875930521,3.869776674937965,20.98064516129032,0.8531017369727046,9.8,5996.153846153846
2006-02-28,0.0118131868131868,5.442087912087913,24.049038461538466,3.116758241758242,8.83,6033.333333333334
2006-03-31,0.0140818858560794,7.337764493570946,26.749430898694573,5.576477074118028,9.4,6070.51282051282
2006-04-30,0.098974358974359,9.145047008547008,30.250864197530863,8.773871604938272,10.0,6107.692307692308
2006-05-31,0.9233333333333332,8.690074441687344,29.826762246117088,10.792712066905615,10.0,6144.871794871795
2006-06-30,1.5301358024691358,7.618384615384615,28.50061728395061,12.601234567901232,10.0,6182.051282051282
2006-07-31,2.6380422755261463,6.398211331679074,26.98006984652146,12.611639003768037,10.0,6219.2307692307695
2006-08-31,3.91048440860215,5.203879239040529,25.992268817204295,12.136524193548388,10.0,6256.410256410257
2006-09-30,3.678555555555556,4.628871794871795,25.16679012345679,11.90098765432099,10.0,6293.589743589744
2006-10-31,1.899913151364764,4.012084367245658,24.436600496277915,9.423573200992555,9.0,6330.7692307692305
2006-11-30,0.3106543209876543,3.938897435897436,22.786074074074072,3.373950617283951,7.0,6367.948717948719
2006-12-31,0.8514336917562724,3.139462365591398,19.33281867475416,1.804296480102932,5.0,6405.128205128205
2007-01-31,0.3386021505376343,3.5578299120234607,19.222427035330263,2.940706605222734,5.0,6442.307692307692
2007-02-28,0.0363392857142857,5.567662337662338,21.99571428571429,2.10125,5.12,6479.48717948718
2007-03-31,0.0031490015360983,7.263198924731182,25.49124423963133,5.041013824884793,5.0,6516.666666666667
2007-04-30,0.1073015873015873,8.236166666666668,26.842380952380957,6.59,5.0,6553.846153846154
2007-05-31,0.1274039938556067,8.807394916911045,29.388133640552997,9.62674347158218,5.0,6591.025641025641
2007-06-30,5.556396825396826,6.748083333333333,28.22492063492064,12.445079365079364,5.75,6628.205128205129
2007-07-31,3.951382286361064,5.029902248289345,25.580541676772576,12.044861346915678,6.0,6665.384615384615
2007-08-31,1.770384024577573,5.3425,26.1152534562212,11.608294930875577,6.0,6702.5641025641025
2007-09-30,2.5093809523809525,4.683388888888889,25.526507936507937,10.883333333333333,6.0,6739.74358974359
2007-10-31,0.3701228878648233,4.78989247311828,24.75516129032258,6.607680491551459,6.0,6776.923076923077
2007-11-30,0.1919206349206349,4.214861111111111,23.17142857142857,3.3484126984126985,6.0,6814.102564102564
2007-12-31,0.00036866359447,4.248010752688172,22.65883256528418,2.4764976958525344,6.0,6851.282051282052
2008-01-31,0.0095256166982922,4.977204301075268,21.6300284629981,1.4613140417457304,7.0,6888.461538461539
2008-02-29,0.1793965517241379,6.35551724137931,24.614942528735632,2.693836206896552,7.5,6925.641025641025
2008-03-31,4.301075268817204e-05,7.782645161290323,25.15408602150537,4.381689708141321,8.0,6962.820512820514
2008-04-30,0.1452222222222222,8.978416666666668,29.2,8.095555555555556,8.8,7000.0
2008-05-31,0.3752867383512545,8.842311827956989,29.78028673835125,10.735304659498206,11.0,7500.0
2008-06-30,1.346137254901961,8.163611111111111,29.56450980392157,12.768627450980391,11.0,8000.0
2008-07-31,2.4210815939278936,6.123978494623656,26.23548387096774,12.365654648956356,12.0,8500.0
2008-08-31,5.915120967741935,5.458279569892473,25.907862903225805,12.843951612903227,11.333333333333334,9000.0
2008-09-30,4.366880952380952,3.909666666666667,22.86357142857143,11.33595238095238,10.666666666666666,9000.0
2008-10-31,0.5225062034739454,3.896344086021505,22.816129032258065,7.35409429280397,10.0,9000.0
2008-11-30,0.0223076923076923,4.097666666666667,21.910512820512817,2.8092307692307696,10.0,9000.0
2008-12-31,5.376344086021506e-05,4.252661290322581,22.05483870967742,1.553225806451613,11.0,9000.0
2009-01-31,0.0220506912442396,3.909032258064516,22.2536866359447,2.312327188940092,12.33,9000.0
2009-02-28,0.0389030612244897,5.546692994505494,24.44323979591837,2.6642984693877554,12.0,7300.0
2009-03-31,0.0957174638487208,6.988738626964433,26.284957889718733,5.461167169871286,12.0,7000.0
2009-04-30,0.1394629629629629,8.692744107744108,28.54783703703704,6.901184615384616,13.2,7000.0
2009-05-31,0.7600416873449132,7.899532258064516,29.855558312655084,11.0464317617866,13.25,7000.0
2009-06-30,2.9611410256410258,7.0369898989899,29.108461538461537,12.732692307692307,13.5,7000.0
2009-07-31,1.5673548387096774,7.250843672456575,28.38367741935484,12.633806451612903,13.6,7000.0
2009-08-31,2.714778972520908,6.725960061443933,27.59772998805257,12.32341696535245,14.0,7000.0
2009-09-30,3.566523809523809,3.9897710622710623,24.473214285714285,11.908690476190475,15.75,7000.0
2009-10-31,1.3118982630272953,4.246898263027296,24.78560794044665,9.103473945409428,14.25,7000.0
2009-11-30,0.7057530864197531,3.5152783882783885,21.671234567901237,3.089012345679012,12.0,7000.0
2009-12-31,0.3436721283495477,3.0814976958525344,19.887086599183373,2.235683432457626,13.0,6100.0
2010-01-31,0.3566963292547275,3.1898387096774194,18.85506117908788,0.6675194660734148,12.5,5400.0
2010-02-28,1.869113740323716,3.897882653061224,18.444172237860663,1.5087306474313864,12.12,5400.0
2010-03-31,0.0191212458286985,6.312684036393714,23.40774111152309,3.0640052733489886,11.4,5400.0
2010-04-30,0.0339651675485008,8.348250915750915,27.549497354497355,6.787433862433862,12.0,5400.0
2010-05-31,0.1401806451612903,9.404078341013824,31.801712158808936,10.444531017369728,11.5,5400.0
2010-06-30,1.207735632183908,8.410595238095238,30.598735632183907,12.925632183908046,10.0,5350.0
2010-07-31,4.056774193548387,5.461203473945409,25.690954234864133,13.23994914984904,10.0,5300.0
2010-08-31,0.967494835531543,6.745506912442397,28.09031066264103,12.309518512633083,9.0,5300.0
2010-09-30,4.1345238095238095,4.898190476190476,25.630515873015877,12.287270723104056,8.4,5300.0
2010-10-31,0.0071527888129667,5.228844719796333,25.4054407782717,5.898714480839064,9.0,5300.0
2010-11-30,0.0,4.244071428571428,23.096247947454845,1.9022290640394088,7.33,5300.0
2010-12-31,0.0,3.609650537634409,21.70937205360453,-0.603824090259018,7.0,5300.0
2011-01-31,2.224694104560623e-05,4.04940446650124,21.11699110122358,0.2006515175591927,7.0,5725.0
2011-02-28,0.0,5.656720957613815,23.894679802955665,1.5329105090311987,7.25,5800.0
2011-03-31,4.301075268817204e-05,7.12498759305211,27.09251612903225,5.793204301075269,8.0,5900.0
2011-04-30,0.0014523809523809,9.218972222222222,30.45829805996473,7.456552028218695,7.62,5950.0
2011-05-31,0.1417114253932941,9.34209500177242,31.77176148101065,9.920255045288416,7.5,6000.0
2011-06-30,0.3361406525573192,9.460207070707073,30.8107851716185,12.376221001221,7.8,6700.0
2011-07-31,1.5948454632130935,6.391064516129032,27.595701131768987,12.55208759291629,8.75,7600.0
2011-08-31,1.7799960273319562,7.214437551695616,28.405899412045127,12.4472191323693,10.0,7680.0
2011-09-30,2.003222180118732,5.659948717948718,26.139881583933303,10.86381083369589,14.0,7760.0
2011-10-31,0.59961957730812,4.967504135649297,25.06027808676307,6.869725621060438,14.0,8100.0
2011-11-30,0.0089333333333333,4.436925213675213,23.16145593869732,2.901624521072797,14.6,8250.0
2011-12-31,0.0061280764635603,4.14252688172043,22.133938246964195,1.9191329721133368,17.25,8750.0
2012-01-31,0.3340262843488649,4.025063049853372,20.99982676224612,1.114656281591765,18.5,8900.0
2012-02-29,0.6516325802615933,4.534832007073387,21.017241379310345,3.7812251288149032,20.0,7800.0
2012-03-31,0.0367690025954764,7.195990783410138,25.96826473859844,5.518952539859103,22.0,9226.0
2012-04-30,0.132384236453202,8.32261111111111,28.35345070850818,7.045931399379675,24.0,9226.0
2012-05-31,0.2656121881455585,8.88616448068061,30.079619330119883,10.033716475095783,28.0,9226.0
2012-06-30,0.7428703703703704,8.653203130203131,29.75040564373898,12.063783068783067,26.0,9444.6
2012-07-31,2.284821046584117,6.29280751506558,27.13934689337359,12.726865564913396,26.5,9444.6
2012-08-31,2.379463848720801,6.3002835873803615,27.579701890989988,12.68584352984798,25.6,9444.6
2012-09-30,2.69959934318555,4.843734432234432,25.3817052545156,10.929105090311989,22.0,9444.6
2012-10-31,0.4441704457944725,5.190157745480326,26.08055275091983,8.521151707024899,18.4,9444.6
2012-11-30,0.1823563218390804,3.859735042735043,23.598022410752296,5.733249407042511,17.5,9444.6
2012-12-31,0.0915854306983339,3.7737183246860666,22.1805323696614,3.2010958814184622,18.0,9444.6
2013-01-31,0.602247311827957,3.596996712964455,19.847437893956247,2.431327400815721,18.0,9132.6
2013-02-28,0.0023928571428571,6.2362970957613815,23.89200738916256,3.870381773399015,18.0,9132.6
2013-03-31,0.0001005085015096,6.610479735318445,24.65492437669857,3.829587978864953,18.75,9132.6
2013-04-30,0.0073214559386973,8.95096336996337,28.59160837438424,7.253274767378215,19.0,9132.6
2013-05-31,0.4367588590497377,8.523377643861515,29.977163250172147,10.705625827639174,18.0,9132.6
2013-06-30,1.1772490695128626,8.477842490842491,30.19318664477285,13.057496715927751,16.0,9132.6
2013-07-31,5.103827956989248,5.380272952853598,25.97484909158324,12.845279940674825,13.0,9132.6
2013-08-31,2.269505376344086,5.903333924140376,26.709464590285503,12.208550241008528,12.75,9132.6
2013-09-30,6.033512786596121,4.2401610056610055,24.525731040564374,12.190652557319224,12.0,9132.45
2013-10-31,1.2945703191670934,4.093186813186813,25.42193876613232,9.306034568776504,12.0,9132.6
2013-11-30,1.0819310344827584,2.752482905982906,20.897378063613697,6.751517210971234,12.0,9132.6
2013-12-31,1.924444223740664,3.247795108117689,20.34447463672158,3.9098689902360646,12.0,9132.6
2014-01-31,0.5035168705969596,2.9679969278033798,19.022910641453468,1.447675194660734,10.0,9132.6
2014-02-28,0.0,5.359472876330019,24.943085385878486,3.9743185550082094,10.0,9132.6
2014-03-31,0.0850606493988029,6.600955453149002,25.57391652100217,5.501631501197686,10.0,9132.6
2014-04-30,0.0035275064441731,7.4114583028083025,28.176990231990235,8.03587098087098,6.8,9132.6
2014-05-31,0.5470620942728841,6.990923431407302,28.675531484129927,10.647825479221474,6.0,9132.6
2014-06-30,2.876329994526546,6.679076190476191,29.05926245210728,13.459112753147236,6.0,9132.6
2014-07-31,2.21920467185762,5.57036866359447,26.857235023041472,12.639079135547432,6.0,9132.6
2014-08-31,2.965232401080566,5.267172043010753,27.13481284319438,12.81489000123594,6.0,9132.6
2014-09-30,3.910481809888706,4.312397222222222,25.351007237122182,12.370294471811713,7.0,9132.6
2014-10-31,0.635924360400445,4.358015080349758,25.665087175050463,8.556616405059119,10.0,7800.0
2014-11-30,1.4884351395730708,3.034674603174603,20.859031229094448,4.274608949798605,10.0,7800.0
2014-12-31,0.3679882997569315,2.9417569272125723,21.20933244463278,2.7234166710807424,10.0,7800.0
2015-01-31,0.7132869855394882,3.04916715542522,19.7563316383283,4.316535833465756,10.0,7800.0
2015-02-28,2.256452380952381,3.883013392857143,21.063936781609197,4.200476190476191,10.0,7800.0
2015-03-31,2.5065328142380423,4.233551267281106,21.313285131627733,6.0628216536892845,10.0,7250.0
2015-04-30,0.430202380952381,6.051467841880342,26.19543513957307,9.165320197044336,10.0,7250.0
2015-05-31,0.6990028603209916,7.173697004608295,28.984918163038294,11.088435563324328,10.0,7800.0
2015-06-30,5.790274220032841,5.532437011599511,26.76731785562245,13.379100225019764,10.0,7800.0
2015-07-31,2.66065668202765,5.196071236559139,26.121813920228828,12.561431749563006,10.0,7800.0
2015-08-31,1.4155333233280951,5.733853302611368,27.63349297573436,12.316914149172211,8.5,7800.0
2015-09-30,2.9285780423280423,5.002468055555555,26.537495455162123,11.979435965269298,7.0,7800.0
2015-10-31,2.9086433543340977,3.697413385002095,24.30942143670054,9.404474390603422,7.75,7800.0
2015-11-30,0.2612151092117759,3.036189010989011,24.334783200792764,8.007984437838061,10.5,7800.0
2015-12-31,0.0773954599761051,3.247075268817204,21.42918573660509,3.316413932542965,14.6,7800.0
2016-01-31,0.0939504211028126,3.411456989247312,19.7487676783728,-0.3504515893614892,13.5,7800.0
2016-02-29,0.1086364022422286,4.932949712643678,23.62648648308577,2.3809175270055176,14.0,7800.0
2016-03-31,0.4615732059725385,6.08570864350703,23.853351313334628,5.36164521425923,15.2,7800.0
2016-04-30,0.0111789272030651,7.581046590909091,27.38631538040504,7.875597974822113,16.0,7800.0
2016-05-31,0.5974086874893325,7.955436251920124,30.50680150196279,11.459951816403429,15.5,7800.0
2016-06-30,1.5740346804111172,7.050556547619048,28.803197318007665,12.110143526120538,14.0,7800.0
2016-07-31,2.695099157115286,6.315500723738627,28.696151220344767,13.098717948717947,14.0,7800.0
2016-08-31,4.826575288510773,4.387623847926268,25.81376160279386,13.578573397928237,14.0,7800.0
2016-09-30,2.8744465790914067,4.129155555555555,25.46695840175151,12.451879857690203,14.0,7800.0
2016-10-31,0.4424267999128956,4.078133064516129,25.128132557180383,8.913431886286169,14.0,7800.0
2016-11-30,0.9409850088183422,3.0265587301587304,21.8470113960114,6.595325939492606,14.0,7800.0
2016-12-31,0.1678297766749379,3.2621515581193,22.986456575682386,3.9300744416873448,14.5,7800.0
2017-01-31,3.3370411568409345e-05,3.932531534325889,22.07387043805286,2.757332515257988,16.0,7800.0
2017-02-28,0.0038158393330807,5.178256448412698,24.22728321213543,2.447291617796544,16.0,7800.0
2017-03-31,0.8047119815668203,6.045850392886683,25.475525818267755,6.061706841545551,16.4,7800.0
2017-04-30,0.0496785714285714,8.059926984126983,28.51588183421517,7.519514991181658,18.0,7800.0
2017-05-31,0.2668103448275862,9.009722202528655,31.631372159542348,10.774911806769426,18.0,7800.0
2017-06-30,0.9189577175697866,8.403751587301588,31.18272577996716,13.427943349753695,19.5,7800.0
2017-07-31,3.452522188086704,5.822494623655914,27.532547888193047,13.180935969645647,20.0,7800.0
2017-08-31,3.8951143686989074,5.380703149001536,26.71794385114741,13.52284908433963,20.0,7800.0
2017-09-30,3.7003871252204585,3.766024621212121,24.308093372676705,12.30387328720662,19.0,7800.0
2017-10-31,0.6698924731182795,3.8866359447004606,24.855762038335676,8.929575736325386,18.0,7800.0
2017-11-30,0.0008266666666666,3.8772055555555553,24.949056231884057,4.0137147342995165,13.2,7800.0
2017-12-31,0.9569056152927122,2.7058894600023637,20.18659277639923,2.9425277088502897,12.5,7800.0
2018-01-31,0.7822043010752687,3.119064516129032,20.80429064424225,1.953609870416322,14.0,7800.0
2018-02-28,0.9059351190476193,4.039011904761905,23.261660714285718,6.656690476190477,14.0,7800.0
2018-03-31,0.0305846567411083,6.556168734491314,27.83768640989679,6.6921066817707775,14.0,7800.0
2018-04-30,0.2458969088319088,7.645511396011396,29.14554856930509,8.418326470952557,14.0,7800.0
2018-05-31,1.0725539931991546,7.823714669738864,30.764243635695248,12.284270747173974,14.0,7800.0
2018-06-30,3.6022174738841404,6.364745726495727,28.380398860398863,13.828789173789174,14.0,7800.0
2018-07-31,1.640261094835622,6.453377880184331,28.03825723466992,13.149597096760612,14.0,7800.0
2018-08-31,1.8945698924731185,5.864612903225806,27.774060066740823,12.773587690025956,12.8,7800.0
2018-09-30,6.390468199233717,3.892723443223443,24.68029501915709,13.195781609195402,12.0,7800.0
2018-10-31,2.082130727263096,3.5159659695143564,23.71418427882833,10.00958604798983,12.0,7800.0
2018-11-30,0.7102432950191571,3.144688095238095,22.21218062397373,4.04945238095238,12.0,7800.0
2018-12-31,0.1012974733831241,3.0545710472323377,20.35841752446869,1.919264644431496,12.0,7800.0
2019-01-31,0.1869694903621488,3.5592188322430256,21.820073992631105,2.923963662090587,12.0,7800.0
2019-02-28,0.0328835978835978,5.604742281527996,25.42065948601663,5.52327097505669,14.0,7800.0
2019-03-31,0.0625027808676307,6.641688002857358,27.607641043654745,6.8037320234835015,14.0,7800.0
2019-04-30,0.0173439153439153,8.078179292929294,28.256532745681863,7.461436265164336,14.0,7800.0
2019-05-31,0.1029608824619948,9.35171348812478,31.233499390857567,10.601990041845436,14.0,7800.0
2019-06-30,1.5494083052458734,7.302881919006919,30.300125886235385,14.270334319195175,12.0,7800.0
2019-07-31,1.6560981306312377,6.412955610697546,28.261048824155782,13.449993590952843,12.0,7800.0
2019-08-31,2.1976066631287345,6.603868210642404,29.296760459875912,14.202808078232527,12.0,7800.0
2019-09-30,1.7821433748188134,4.887387464387464,26.543273887815737,12.62179700560686,13.0,7700.0
2019-10-31,0.8897220016542596,4.714860766473669,26.584086426256047,10.117139105754864,16.0,7600.0
2019-11-30,1.6131928632478632,3.241847222222222,23.120662619406737,7.434921543489191,16.0,7600.0
2019-12-31,0.8637958696023212,3.027630022307442,21.136448420472192,3.0746035062843213,20.0,7600.0
2020-01-31,0.8192411674347158,3.0946505376344087,19.7703168202765,2.162044930875576,20.0,8000.0
2020-02-29,0.4074881676808655,4.92538601532567,22.872113759296823,4.227479152580573,20.0,8000.0
2020-03-31,0.040505376344086,6.758125960061444,28.399301075268816,9.16009984639017,21.0,8000.0
2020-04-30,0.063051282051282,8.770188888888889,31.23049389499389,10.610418192918193,28.8,8000.0
2020-05-31,0.2471236559139785,8.758580645161292,31.476799007444168,12.181492969396194,30.0,8000.0
2020-06-30,1.8235128205128208,7.902539682539682,30.786880341880345,14.401831501831502,30.0,8000.0
2020-07-31,5.4980522971652,6.561159754224271,28.487869012707723,14.29368035190616,30.0,8000.0
2020-08-31,1.1089102564102564,5.995182795698924,28.68455334987593,12.92090570719603,30.0,8000.0
2020-09-30,2.191997222222222,4.557315476190476,25.72619841269841,11.437688492063492,30.0,8000.0
2020-10-31,0.0049627791563275,5.70057603686636,27.134420418291384,6.738816022686991,28.0,8000.0
2020-11-30,0.0,4.5451507936507936,25.55325763125763,5.4038095238095245,21.5,8000.0
2020-12-31,0.0748725038402457,3.734301075268817,21.739157509157508,2.1390464374335343,22.0,9876.470588235294
2021-01-31,0.2272016526299062,3.9197467228112393,21.95372643551398,0.8290616779916001,22.0,11752.941176470587
2021-02-28,1.4285714285714289e-05,5.682712662337663,25.452461160216597,3.9160916945373465,22.0,13629.411764705883
2021-03-31,0.1736574074074074,7.089003747148909,28.10931886455449,5.9920430686917365,22.0,15505.882352941177
2021-04-30,0.0585061728395061,8.621532323232323,30.02722336182336,8.544471604938272,22.0,17382.35294117647
2021-05-31,1.2088576372336106,8.007708699902247,30.488949579033005,11.594590410001976,22.0,19258.823529411766
2021-06-30,3.1158968253968253,6.536439393939394,28.273611111111112,13.43947795414462,23.6,21135.29411764706
2021-07-31,4.684260086389119,4.815910782765622,25.5369676100742,13.227137603241388,24.0,23011.764705882353
2021-08-31,3.5725265580215524,5.286049364613881,26.73418436710984,12.64499752811766,24.0,24888.235294117647
2021-09-30,3.387357113010446,3.950260942760943,25.605656922251125,12.114769230769232,24.0,26764.70588235294
2021-10-31,1.699702357320099,3.844863523573201,25.53021303988204,9.434661840543749,24.0,28641.176470588234
2021-11-30,0.2463599620132953,3.522463383838384,24.20840649077171,5.027957114249143,24.0,30517.64705882353
2021-12-31,0.1627534128097242,3.48433431085044,24.4307821199371,3.602828781503676,21.0,32394.117647058825
2022-01-31,0.0103965628159176,3.783433528836755,22.64882018402355,2.3168292384982427,18.0,34270.58823529412
2022-02-28,0.0211505981703026,5.082261363636364,23.64589856241642,2.8161725245653817,18.0,36147.05882352941
2022-03-31,0.0,7.541624633431085,27.528414771207487,4.4855599894133045,18.4,38023.529411764706
2022-04-30,0.5410576902025178,8.403771367521367,30.4537848324515,9.101954357477346,18.8,39900.0
2022-05-31,0.1326423306681371,9.530919843597262,32.4172154775147,11.4767738439536,19.2,30050.0
2022-06-30,1.28901111532146,7.784634848484848,29.84272762363222,13.09200448215046,19.6,23300.0
2022-07-31,1.8788928039702235,6.83658064516129,28.96244260637809,13.477031890451244,20.0,20142.5
2022-08-31,3.804415035382777,5.543839198435972,27.67386714718973,13.307696745309649,22.0,19942.5
2022-09-30,2.981817731651065,4.458929292929294,25.558384828241152,11.449708470754448,22.0,19800.0
2022-10-31,1.2995745572229445,3.891290322580645,25.144924452530127,7.914951453091052,22.0,18300.0
2022-11-30,0.2713538647342995,4.34917094017094,25.685717261241173,4.687229134150873,22.0,17890.0
2022-12-31,0.004783883717965,3.507152492668622,23.13448882230439,2.716395724425177,21.0,17950.0
2023-01-31,0.0542210144927536,4.378906810035842,23.51517355215997,1.8389742501414827,21.0,13832.5
2023-02-28,0.0059672619047619,5.447436507936508,25.05952201933405,3.9726163623344073,22.0,12900.0
2023-03-31,0.4067069892473118,7.476756272401434,28.90566298811545,6.620857385398981,22.0,12900.0
2023-04-30,0.333995670995671,8.233827777777778,29.323406926406925,9.698152236652238,24.0,12760.0
2023-05-31,0.552669779286927,8.374602150537633,30.32791271347249,11.84818680160236,24.0,10400.0
2023-06-30,0.1647446393762183,9.900416666666668,34.44287990196078,14.876924019607843,24.25,8900.0
2023-07-31,1.760218125960061,7.222634408602151,30.13926799007444,15.13244416873449,22.0,8500.0
2023-08-31,0.8811232718894009,6.66774193548387,30.858387096774194,13.681290322580644,23.6,8665.0
2023-09-30,0.7925238095238095,6.563103448275863,30.896666666666665,15.106666666666666,26.25,10350.0
2023-10-31,0.0,6.43,28.95,14.55,28.75,11050.0
2023-11-30,1.2040000000000002,4.128333333333333,25.546666666666667,6.84,29.6,11600.0
2023-12-31,0.3575268817204301,3.134623655913978,22.280645161290323,4.704301075268818,29.0,9800.0
2024-01-31,0.0,3.120967741935484,22.533870967741933,4.464516129032258,29.8,9800.0
2024-02-29,1.3577210031347962,5.556680213464697,23.66150470219436,4.640689655172413,31.0,9800.0
2024-03-31,2.932551319648094e-05,7.153068356374808,27.34756598240469,6.827624633431085,30.0,9200.0
2024-04-30,6.0606060606060605e-05,8.638767857142856,30.50739393939394,9.767515151515152,30.0,9240.0
2024-05-31,0.0193870967741935,9.964817019400352,34.70556533072662,15.048087324861518,32.5,9100.0
2024-06-30,2.155985185185185,9.858769047619049,31.969935185185182,15.869703703703705,35.0,10400.0
2024-07-31,5.081821684587814,8.477639400921658,27.556451612903224,14.238700716845878,32.5,9250.0
2024-08-31,0.3449252873563218,6.871298894557824,29.77960640891676,14.005191570881228,30.0,9800.0
